dataset,layer,programme,delta,t,p,p_adj_within_layer
GSE51588(LT-MT),L0_raw_sum1,EC,0.0223383937930517,2.29489511945568,0.0307854995869124,0.0430996994216774
GSE51588(LT-MT),L0_raw_sum1,FC,0.0100780494413535,0.947665919751129,0.352744682940355,0.352744682940355
GSE51588(LT-MT),L0_raw_sum1,HomC,0.0355965489733497,4.02555389097007,0.000493950074264238,0.00172882525992483
GSE51588(LT-MT),L0_raw_sum1,HTC,-0.0112484541265849,-1.05210240975024,0.303230898710945,0.352744682940355
GSE51588(LT-MT),L0_raw_sum1,preHTC,-0.0612439400307382,-4.13279161345064,0.000376509729068025,0.00172882525992483
GSE51588(LT-MT),L0_raw_sum1,ProC,-0.0401233418724224,-3.2098208311037,0.00375041305262952,0.00875096378946889
GSE51588(LT-MT),L0_raw_sum1,RegC,0.0446027438219906,2.91023881761367,0.00767317200546309,0.0134280510095604
GSE51588(LT-MT),L1_CLR_msr_0.5min,EC,0.0771731901442535,1.01937279369304,0.31819245440681,0.371224530141278
GSE51588(LT-MT),L1_CLR_msr_0.5min,FC,0.04850738937159,0.572754417757872,0.572138396505919,0.572138396505919
GSE51588(LT-MT),L1_CLR_msr_0.5min,HomC,0.18040894769839,2.71824337875433,0.0119937439975602,0.0279854026609738
GSE51588(LT-MT),L1_CLR_msr_0.5min,HTC,-0.179089871301699,-2.06397842042269,0.0499918198907498,0.0699885478470497
GSE51588(LT-MT),L1_CLR_msr_0.5min,preHTC,-0.50415663462856,-4.93252572040239,4.93249854183541e-05,0.000345274897928479
GSE51588(LT-MT),L1_CLR_msr_0.5min,ProC,-0.282122049781607,-2.07650133413719,0.0487237376417257,0.0699885478470497
GSE51588(LT-MT),L1_CLR_msr_0.5min,RegC,0.659279028497633,3.10758136685183,0.00479938668050383,0.0167978533817634
GSE51588(LT-MT),L1_CLR_add_1e-3,EC,0.0574726151971722,0.820431048063826,0.420044849125796,0.490052323980096
GSE51588(LT-MT),L1_CLR_add_1e-3,FC,0.0269303348300248,0.320488533125989,0.751371819036993,0.751371819036993
GSE51588(LT-MT),L1_CLR_add_1e-3,HomC,0.159882153602008,2.06433824852577,0.0499549767110041,0.0699369673954058
GSE51588(LT-MT),L1_CLR_add_1e-3,HTC,-0.196680267852942,-2.19367797607406,0.0381821664050452,0.0699369673954058
GSE51588(LT-MT),L1_CLR_add_1e-3,preHTC,-0.519292132152817,-5.69538937068472,7.23868257336449e-06,5.06707780135515e-05
GSE51588(LT-MT),L1_CLR_add_1e-3,ProC,-0.30217886301568,-2.1550610384684,0.0414041359519978,0.0699369673954058
GSE51588(LT-MT),L1_CLR_add_1e-3,RegC,0.773866159392233,3.31560577139316,0.00289928789647335,0.0101475076376567
GSE51588(LT-MT),L1_CLR_add_1e-2,EC,0.0812377860498292,1.24272345173095,0.225974921027956,0.263637407865949
GSE51588(LT-MT),L1_CLR_add_1e-2,FC,0.0405850428170307,0.554708057994007,0.584227434225535,0.584227434225535
GSE51588(LT-MT),L1_CLR_add_1e-2,HomC,0.176780742698809,2.7238195343713,0.0118409588768512,0.027628904045986
GSE51588(LT-MT),L1_CLR_add_1e-2,HTC,-0.155484290868278,-2.01731396382389,0.0549797916591407,0.0769717083227969
GSE51588(LT-MT),L1_CLR_add_1e-2,preHTC,-0.457838669272133,-5.23011238449947,2.32307852203903e-05,0.000162615496542732
GSE51588(LT-MT),L1_CLR_add_1e-2,ProC,-0.272408912432174,-2.32535019184634,0.0288305345881593,0.0504534355292787
GSE51588(LT-MT),L1_CLR_add_1e-2,RegC,0.587128301006916,3.44921991672066,0.00208854043587768,0.00730989152557188
GSE51588(LT-MT),L2_ALR_ref_EC,FC,-0.0286658007726635,-0.219432851057352,0.828168450504109,0.828168450504109
GSE51588(LT-MT),L2_ALR_ref_EC,HomC,0.103235757554136,0.903797861781397,0.375085525070365,0.450102630084437
GSE51588(LT-MT),L2_ALR_ref_EC,HTC,-0.256263061445952,-3.00576183887384,0.00612133445556525,0.0183640033666957
GSE51588(LT-MT),L2_ALR_ref_EC,preHTC,-0.581329824772814,-5.27173259842612,2.09167388067429e-05,0.000125500432840457
GSE51588(LT-MT),L2_ALR_ref_EC,ProC,-0.359295239925861,-1.91989209729975,0.0668340631989103,0.100251094798366
GSE51588(LT-MT),L2_ALR_ref_EC,RegC,0.58210583835338,2.49786575202925,0.0197477573386342,0.0394955146772685
GSE51588(LT-MT),L2_ALR_ref_FC,EC,0.0286658007726635,0.219432851057352,0.828168450504109,0.828168450504109
GSE51588(LT-MT),L2_ALR_ref_FC,HomC,0.1319015583268,1.20749634845008,0.239006746544334,0.286808095853201
GSE51588(LT-MT),L2_ALR_ref_FC,HTC,-0.227597260673289,-1.53398816805059,0.138110812635083,0.207166218952624
GSE51588(LT-MT),L2_ALR_ref_FC,preHTC,-0.55266402400015,-4.07317673968533,0.000437882207505018,0.00262729324503011
GSE51588(LT-MT),L2_ALR_ref_FC,ProC,-0.330629439153197,-2.54522820333186,0.0177653282299394,0.044908528154107
GSE51588(LT-MT),L2_ALR_ref_FC,RegC,0.610771639126043,2.43987452319906,0.0224542640770535,0.044908528154107
GSE51588(LT-MT),L2_ALR_ref_HomC,EC,-0.103235757554136,-0.903797861781397,0.375085525070365,0.375085525070365
GSE51588(LT-MT),L2_ALR_ref_HomC,FC,-0.1319015583268,-1.20749634845008,0.239006746544334,0.286808095853201
GSE51588(LT-MT),L2_ALR_ref_HomC,HTC,-0.359498819000088,-3.55990547871684,0.00158820964609077,0.00462791846850465
GSE51588(LT-MT),L2_ALR_ref_HomC,preHTC,-0.68456558232695,-4.73251464462695,8.19789299874844e-05,0.000491873579924906
GSE51588(LT-MT),L2_ALR_ref_HomC,ProC,-0.462530997479997,-3.40759858683344,0.00231395923425232,0.00462791846850465
GSE51588(LT-MT),L2_ALR_ref_HomC,RegC,0.478870080799244,2.04077436601696,0.052419417536389,0.0786291263045835
GSE51588(LT-MT),L2_ALR_ref_HTC,EC,0.256263061445952,3.00576183887384,0.00612133445556525,0.0122426689111305
GSE51588(LT-MT),L2_ALR_ref_HTC,FC,0.227597260673289,1.53398816805059,0.138110812635083,0.1657329751621
GSE51588(LT-MT),L2_ALR_ref_HTC,HomC,0.359498819000088,3.55990547871684,0.00158820964609077,0.00952925787654465
GSE51588(LT-MT),L2_ALR_ref_HTC,preHTC,-0.325066763326861,-2.74992733050761,0.0111496996423389,0.0167245494635083
GSE51588(LT-MT),L2_ALR_ref_HTC,ProC,-0.103032178479908,-0.585373527160306,0.563760737802255,0.563760737802255
GSE51588(LT-MT),L2_ALR_ref_HTC,RegC,0.838368899799332,3.23839314159135,0.00349927647230966,0.010497829416929
GSE51588(LT-MT),L2_ALR_ref_preHTC,EC,0.581329824772814,5.27173259842612,2.09167388067429e-05,0.000125500432840457
GSE51588(LT-MT),L2_ALR_ref_preHTC,FC,0.55266402400015,4.07317673968533,0.000437882207505018,0.000656823311257528
GSE51588(LT-MT),L2_ALR_ref_preHTC,HomC,0.68456558232695,4.73251464462695,8.19789299874844e-05,0.000245936789962453
GSE51588(LT-MT),L2_ALR_ref_preHTC,HTC,0.325066763326861,2.74992733050761,0.0111496996423389,0.0133796395708067
GSE51588(LT-MT),L2_ALR_ref_preHTC,ProC,0.222034584846953,1.30022107605977,0.205873741232146,0.205873741232146
GSE51588(LT-MT),L2_ALR_ref_preHTC,RegC,1.16343566312619,4.18587283441516,0.000329092569268528,0.000656823311257528
GSE51588(LT-MT),L2_ALR_ref_ProC,EC,0.359295239925861,1.91989209729975,0.0668340631989103,0.100251094798366
GSE51588(LT-MT),L2_ALR_ref_ProC,FC,0.330629439153197,2.54522820333186,0.0177653282299394,0.0355306564598788
GSE51588(LT-MT),L2_ALR_ref_ProC,HomC,0.462530997479997,3.40759858683344,0.00231395923425232,0.0138837554055139
GSE51588(LT-MT),L2_ALR_ref_ProC,HTC,0.103032178479908,0.585373527160306,0.563760737802255,0.563760737802255
GSE51588(LT-MT),L2_ALR_ref_ProC,preHTC,-0.222034584846953,-1.30022107605977,0.205873741232146,0.247048489478575
GSE51588(LT-MT),L2_ALR_ref_ProC,RegC,0.94140107827924,3.01484169193427,0.00599055374759536,0.0179716612427861
GSE51588(LT-MT),L2_ALR_ref_RegC,EC,-0.58210583835338,-2.49786575202925,0.0197477573386342,0.0269451168924642
GSE51588(LT-MT),L2_ALR_ref_RegC,FC,-0.610771639126043,-2.43987452319906,0.0224542640770535,0.0269451168924642
GSE51588(LT-MT),L2_ALR_ref_RegC,HomC,-0.478870080799244,-2.04077436601696,0.052419417536389,0.052419417536389
GSE51588(LT-MT),L2_ALR_ref_RegC,HTC,-0.838368899799332,-3.23839314159135,0.00349927647230966,0.010497829416929
GSE51588(LT-MT),L2_ALR_ref_RegC,preHTC,-1.16343566312619,-4.18587283441516,0.000329092569268528,0.00197455541561117
GSE51588(LT-MT),L2_ALR_ref_RegC,ProC,-0.94140107827924,-3.01484169193427,0.00599055374759536,0.0119811074951907
GSE51588(LT-MT),L3_logratio_HomC_over_preHTC,log(HomC/preHTC),0.68456558232695,4.73251464462695,8.19789299874844e-05,8.19789299874844e-05
GSE51588(LT-MT),L4_unclosed_gs_score,EC,-0.0386797813725161,-0.601251178162713,0.553309828270183,0.632354089451638
GSE51588(LT-MT),L4_unclosed_gs_score,FC,-0.00394192156968679,-0.0603468560993239,0.952379098032032,0.952379098032032
GSE51588(LT-MT),L4_unclosed_gs_score,HomC,0.0569846017675729,0.953568374188397,0.349808398911374,0.466411198548498
GSE51588(LT-MT),L4_unclosed_gs_score,HTC,-0.19339761128093,-2.95799244441689,0.00685558508249246,0.0137111701649849
GSE51588(LT-MT),L4_unclosed_gs_score,preHTC,-0.298388011727501,-4.31785524442227,0.000235374429407067,0.00094149771762827
GSE51588(LT-MT),L4_unclosed_gs_score,ProC,-0.202614160860961,-3.54313781917364,0.00165567370310443,0.00441512987494514
GSE51588(LT-MT),L4_unclosed_gs_score,RegC,0.0845289071577101,1.49146093558342,0.148868737462581,0.23818997994013
GSE51588(LT-MT),L4_unclosed_gs_score,HomC_minus_preHTC,0.355372613495073,4.78679190034978,7.14137747490467e-05,0.000571310197992373
GSE57218(Pres-OA),L0_raw_sum1,EC,0.047338916936035,6.17644800717045,6.51916153324183e-07,1.52113769108976e-06
GSE57218(Pres-OA),L0_raw_sum1,FC,0.0124246306122037,0.835198726945629,0.40979844408864,0.40979844408864
GSE57218(Pres-OA),L0_raw_sum1,HomC,0.0298354393775113,4.72865138326484,4.36551666217331e-05,6.11172332704263e-05
GSE57218(Pres-OA),L0_raw_sum1,HTC,0.0599145573032328,6.89481007047355,8.36905813213208e-08,5.85834069249246e-07
GSE57218(Pres-OA),L0_raw_sum1,preHTC,-0.119652114599963,-6.62957852849732,1.77711591958541e-07,6.21990571854894e-07
GSE57218(Pres-OA),L0_raw_sum1,ProC,-0.0531204254881531,-5.1014252000233,1.47960484235535e-05,2.58930847412187e-05
GSE57218(Pres-OA),L0_raw_sum1,RegC,0.0232589958591332,1.32234101601111,0.195428670026236,0.228000115030608
GSE57218(Pres-OA),L1_CLR_msr_0.5min,EC,0.650912100215603,2.55785544887499,0.0154704384317334,0.0216586138044267
GSE57218(Pres-OA),L1_CLR_msr_0.5min,FC,0.0856466638112365,0.673675424921408,0.505354907034929,0.505354907034929
GSE57218(Pres-OA),L1_CLR_msr_0.5min,HomC,0.193089733157405,2.77597638981189,0.00911849045112021,0.0159573582894604
GSE57218(Pres-OA),L1_CLR_msr_0.5min,HTC,0.401660389692911,4.60374730482566,6.26227672816934e-05,0.000438359370971854
GSE57218(Pres-OA),L1_CLR_msr_0.5min,preHTC,-1.15084051552351,-3.93189072211555,0.000423935065023835,0.000989181818388947
GSE57218(Pres-OA),L1_CLR_msr_0.5min,ProC,-0.392232276517511,-4.0697292737864,0.000287802134617722,0.000989181818388947
GSE57218(Pres-OA),L1_CLR_msr_0.5min,RegC,0.211763905163863,1.2785019987478,0.210267822505507,0.245312459589759
GSE57218(Pres-OA),L1_CLR_add_1e-3,EC,0.462307148413229,3.88168076057128,0.000487767725177646,0.000682874815248704
GSE57218(Pres-OA),L1_CLR_add_1e-3,FC,0.0744020699015217,0.6853979024798,0.498028362163595,0.498028362163595
GSE57218(Pres-OA),L1_CLR_add_1e-3,HomC,0.181229355826828,4.0085394493337,0.000341928353932118,0.000598374619381206
GSE57218(Pres-OA),L1_CLR_add_1e-3,HTC,0.486858153940749,4.50946113319574,8.21601675426721e-05,0.000191707057599568
GSE57218(Pres-OA),L1_CLR_add_1e-3,preHTC,-1.00391647241884,-5.27164001294471,9.01515655703959e-06,6.31060958992771e-05
GSE57218(Pres-OA),L1_CLR_add_1e-3,ProC,-0.399388447591427,-4.78567737974662,3.70119300939691e-05,0.000129541755328892
GSE57218(Pres-OA),L1_CLR_add_1e-3,RegC,0.198508191927936,1.30928872984342,0.199760295519975,0.233053678106638
GSE57218(Pres-OA),L1_CLR_add_1e-2,EC,0.378308525391215,5.14223955773311,1.31392267567579e-05,3.06581957657685e-05
GSE57218(Pres-OA),L1_CLR_add_1e-2,FC,0.0755180537239535,0.789640671017721,0.435550017815419,0.435550017815419
GSE57218(Pres-OA),L1_CLR_add_1e-2,HomC,0.17704518024593,4.81117453087289,3.43763056844615e-05,4.81268279582461e-05
GSE57218(Pres-OA),L1_CLR_add_1e-2,HTC,0.405966254733466,6.09360539633636,8.28036431462606e-07,5.43337849375519e-06
GSE57218(Pres-OA),L1_CLR_add_1e-2,preHTC,-0.856814150492963,-5.87649221287806,1.55239385535862e-06,5.43337849375519e-06
GSE57218(Pres-OA),L1_CLR_add_1e-2,ProC,-0.36497032393269,-4.82400658071403,3.31212686115286e-05,4.81268279582461e-05
GSE57218(Pres-OA),L1_CLR_add_1e-2,RegC,0.184946460331089,1.40136777238525,0.170728745523751,0.199183536444377
GSE57218(Pres-OA),L2_ALR_ref_EC,FC,-0.565265436404367,-1.72982259477689,0.093298070912031,0.186596141824062
GSE57218(Pres-OA),L2_ALR_ref_EC,HomC,-0.457822367058198,-1.5241910787113,0.137284016903832,0.205926025355748
GSE57218(Pres-OA),L2_ALR_ref_EC,HTC,-0.249251710522692,-0.833902119977229,0.410518001402474,0.410518001402474
GSE57218(Pres-OA),L2_ALR_ref_EC,preHTC,-1.80175261573911,-4.43095743363517,0.000102938620986705,0.000617631725920232
GSE57218(Pres-OA),L2_ALR_ref_EC,ProC,-1.04314437673311,-3.28558378914894,0.00247186677412824,0.00741560032238471
GSE57218(Pres-OA),L2_ALR_ref_EC,RegC,-0.43914819505174,-1.28619093315528,0.207605102010077,0.249126122412092
GSE57218(Pres-OA),L2_ALR_ref_FC,EC,0.565265436404367,1.72982259477689,0.093298070912031,0.139947106368047
GSE57218(Pres-OA),L2_ALR_ref_FC,HomC,0.107443069346168,0.922500315888346,0.363171258251351,0.363171258251351
GSE57218(Pres-OA),L2_ALR_ref_FC,HTC,0.316013725881674,2.4799273861771,0.0185929903261059,0.0371859806522118
GSE57218(Pres-OA),L2_ALR_ref_FC,preHTC,-1.23648717933474,-3.17124113623373,0.00333835891682796,0.0190485308562237
GSE57218(Pres-OA),L2_ALR_ref_FC,ProC,-0.477878940328748,-2.92092888320703,0.00634951028540789,0.0190485308562237
GSE57218(Pres-OA),L2_ALR_ref_FC,RegC,0.126117241352627,1.08444845120592,0.286269076996427,0.343522892395713
GSE57218(Pres-OA),L2_ALR_ref_HomC,EC,0.457822367058198,1.5241910787113,0.137284016903832,0.205926025355748
GSE57218(Pres-OA),L2_ALR_ref_HomC,FC,-0.107443069346168,-0.922500315888346,0.363171258251351,0.435805509901621
GSE57218(Pres-OA),L2_ALR_ref_HomC,HTC,0.208570656535506,2.75327111402125,0.00964320145490942,0.0192864029098188
GSE57218(Pres-OA),L2_ALR_ref_HomC,preHTC,-1.34393024868091,-4.10477335651695,0.000260684770933806,0.000782054312801419
GSE57218(Pres-OA),L2_ALR_ref_HomC,ProC,-0.585322009674916,-6.82830780908687,1.01021888489035e-07,6.06131330934211e-07
GSE57218(Pres-OA),L2_ALR_ref_HomC,RegC,0.0186741720064585,0.116799308117031,0.907749073237598,0.907749073237598
GSE57218(Pres-OA),L2_ALR_ref_HTC,EC,0.249251710522692,0.833902119977229,0.410518001402474,0.410518001402474
GSE57218(Pres-OA),L2_ALR_ref_HTC,FC,-0.316013725881674,-2.4799273861771,0.0185929903261059,0.0278894854891589
GSE57218(Pres-OA),L2_ALR_ref_HTC,HomC,-0.208570656535506,-2.75327111402125,0.00964320145490942,0.0192864029098188
GSE57218(Pres-OA),L2_ALR_ref_HTC,preHTC,-1.55250090521642,-4.48821140141617,8.73356770987584e-05,0.000262007031296275
GSE57218(Pres-OA),L2_ALR_ref_HTC,ProC,-0.793892666210422,-7.9124821080068,4.97632610526054e-09,2.98579566315633e-08
GSE57218(Pres-OA),L2_ALR_ref_HTC,RegC,-0.189896484529047,-1.13458897899622,0.26497535897004,0.317970430764048
GSE57218(Pres-OA),L2_ALR_ref_preHTC,EC,1.80175261573911,4.43095743363517,0.000102938620986705,0.000308815862960116
GSE57218(Pres-OA),L2_ALR_ref_preHTC,FC,1.23648717933474,3.17124113623373,0.00333835891682796,0.00400603070019355
GSE57218(Pres-OA),L2_ALR_ref_preHTC,HomC,1.34393024868091,4.10477335651695,0.000260684770933806,0.000521369541867613
GSE57218(Pres-OA),L2_ALR_ref_preHTC,HTC,1.55250090521642,4.48821140141617,8.73356770987584e-05,0.000308815862960116
GSE57218(Pres-OA),L2_ALR_ref_preHTC,ProC,0.758608239005995,2.50853608145394,0.0173850076661156,0.0173850076661156
GSE57218(Pres-OA),L2_ALR_ref_preHTC,RegC,1.36260442068737,3.21365276858992,0.00298764888532515,0.00400603070019355
GSE57218(Pres-OA),L2_ALR_ref_ProC,EC,1.04314437673311,3.28558378914894,0.00247186677412824,0.00494373354825647
GSE57218(Pres-OA),L2_ALR_ref_ProC,FC,0.477878940328748,2.92092888320703,0.00634951028540789,0.0087033263339432
GSE57218(Pres-OA),L2_ALR_ref_ProC,HomC,0.585322009674916,6.82830780908687,1.01021888489035e-07,3.03065665467105e-07
GSE57218(Pres-OA),L2_ALR_ref_ProC,HTC,0.793892666210422,7.9124821080068,4.97632610526054e-09,2.98579566315633e-08
GSE57218(Pres-OA),L2_ALR_ref_ProC,preHTC,-0.758608239005995,-2.50853608145394,0.0173850076661156,0.0173850076661156
GSE57218(Pres-OA),L2_ALR_ref_ProC,RegC,0.603996181681375,2.86803264516583,0.00725277194495266,0.0087033263339432
GSE57218(Pres-OA),L2_ALR_ref_RegC,EC,0.43914819505174,1.28619093315528,0.207605102010077,0.343522892395713
GSE57218(Pres-OA),L2_ALR_ref_RegC,FC,-0.126117241352627,-1.08444845120592,0.286269076996427,0.343522892395713
GSE57218(Pres-OA),L2_ALR_ref_RegC,HomC,-0.0186741720064585,-0.116799308117031,0.907749073237598,0.907749073237598
GSE57218(Pres-OA),L2_ALR_ref_RegC,HTC,0.189896484529047,1.13458897899622,0.26497535897004,0.343522892395713
GSE57218(Pres-OA),L2_ALR_ref_RegC,preHTC,-1.36260442068737,-3.21365276858992,0.00298764888532515,0.0179258933119509
GSE57218(Pres-OA),L2_ALR_ref_RegC,ProC,-0.603996181681375,-2.86803264516583,0.00725277194495266,0.021758315834858
GSE57218(Pres-OA),L3_logratio_HomC_over_preHTC,log(HomC/preHTC),1.34393024868091,4.10477335651695,0.000260684770933806,0.000260684770933806
GSE57218(Pres-OA),L4_unclosed_gs_score,EC,0.0716603185570444,2.57132144945618,0.0149825345210759,0.0199767126947678
GSE57218(Pres-OA),L4_unclosed_gs_score,FC,0.0421447138107658,0.55745051345032,0.581098524506093,0.581098524506093
GSE57218(Pres-OA),L4_unclosed_gs_score,HomC,0.0891506399981831,3.06467786559388,0.00440084646845219,0.0070413543495235
GSE57218(Pres-OA),L4_unclosed_gs_score,HTC,0.191993901938656,5.27951466824967,8.8107973369436e-06,1.76215946738872e-05
GSE57218(Pres-OA),L4_unclosed_gs_score,preHTC,-0.461305088619912,-8.64724367046195,6.99702259825713e-10,4.6163630731278e-09
GSE57218(Pres-OA),L4_unclosed_gs_score,ProC,-0.25757652732909,-7.48627957332608,1.60031033665423e-08,4.26749423107794e-08
GSE57218(Pres-OA),L4_unclosed_gs_score,RegC,0.0572376096619378,0.616439134949562,0.541965622514877,0.581098524506093
GSE57218(Pres-OA),L4_unclosed_gs_score,HomC_minus_preHTC,0.550455728618095,8.45737900136406,1.15409076828195e-09,4.6163630731278e-09
