cell,patient,subtype,axis_score,PIEZO1,quartile
OA1_S1.1,OA1,ProC,-1.17462755097967,1.04511228153336,Q1
OA1_S1.2,OA1,HomC,0.163430015532017,0,middle
OA1_S1.3,OA1,ProC,-1.65118473176358,0.411957720894375,Q1
OA1_S1.4,OA1,ProC,-0.76153230335268,0,middle
OA1_S1.5,OA1,ProC,-1.67757427537003,1.50313245066147,Q1
OA1_S1.6,OA1,ProC,-0.816834714129782,0.0688076559596619,middle
OA1_S1.7,OA1,ProC,-0.322074990462002,0,middle
OA1_S1.8,OA1,ProC,1.0196010999427,0,Q4
OA1_S1.9,OA1,ProC,-0.512746780113932,0.785431811466821,middle
OA1_S1.10,OA1,ProC,-0.873880906199571,0.0276153849335255,Q1
OA1_S1.11,OA1,ProC,-1.3246189724752,0,Q1
OA1_S1.12,OA1,HomC,-1.39286780758688,0,Q1
OA1_S1.13,OA1,ProC,-0.846068205837874,0.616731632962616,middle
OA1_S1.14,OA1,HTC,-1.90926773571775,0,Q1
OA1_S1.15,OA1,HTC,-1.69125929834454,0,Q1
OA1_S1.16,OA1,HomC,-1.11836267272252,0,Q1
OA1_S1.18,OA1,ProC,-1.12153955611012,0.770865977376234,Q1
OA1_S1.19,OA1,ProC,-1.404014827152,0.0710480592036715,Q1
OA1_S1.20,OA1,RegC,-0.0159328951727395,0,middle
OA1_S1.21,OA1,HTC,-0.865481225045774,1.12085080460215,middle
OA1_S1.22,OA1,HTC,-2.23413799678222,0.330454290926915,Q1
OA1_S1.23,OA1,ProC,-1.7458337059716,0.641438675386097,Q1
OA1_S1.24,OA1,ProC,-1.34007726598257,0.472812117519793,Q1
OA1_S1.25,OA1,ProC,-0.317062196474844,0.879286778099877,middle
OA1_S1.26,OA1,ProC,-1.51998992561982,1.51699889431671,Q1
OA1_S1.27,OA1,ProC,-1.31522046775512,1.11426842772233,Q1
OA1_S1.28,OA1,HomC,0.210469240968509,0,middle
OA1_S1.29,OA1,ProC,-0.345596473898267,0,middle
OA1_S1.30,OA1,ProC,0.0808777691843816,0.17305571392637,middle
OA1_S1.31,OA1,HomC,-1.05353664750089,0.871750441306482,Q1
OA1_S1.32,OA1,ProC,-0.943709609500624,1.12510200668413,Q1
OA1_S2.1,OA1,HomC,2.82920721569383,0,Q4
OA1_S2.2,OA1,RegC,1.04609050175171,0.708074356817362,Q4
OA1_S2.3,OA1,ProC,0.263470388818273,0.258439551565126,middle
OA1_S2.4,OA1,preHTC,1.93249269922885,0.0448350798044208,Q4
OA1_S2.5,OA1,ProC,3.34311618223796,0.329040709313971,Q4
OA1_S2.6,OA1,ProC,0.837801386716615,0.0634682424105732,Q4
OA1_S2.7,OA1,ProC,1.9312080620352,0.284340592408044,Q4
OA1_S2.8,OA1,RegC,-0.230637189304769,1.38521124859852,middle
OA1_S2.9,OA1,HomC,1.23189435890806,0.86406928535339,Q4
OA1_S2.10,OA1,preHTC,1.80391156150367,0.0296293391088819,Q4
OA1_S2.11,OA1,HTC,0.617472809928756,1.11486297294037,middle
OA1_S2.13,OA1,HomC,4.422938168734,0,Q4
OA1_S2.14,OA1,RegC,1.4132207139854,0,Q4
OA1_S2.15,OA1,HomC,0.925904056490373,0.0271564701854054,Q4
OA1_S2.16,OA1,ProC,1.35754232757774,0.553688240509066,Q4
OA1_S2.17,OA1,ProC,0.343360213426713,1.31897064904149,middle
OA1_S2.18,OA1,ProC,3.58872470726274,0,Q4
OA1_S2.19,OA1,ProC,0.581086597118714,0.709636860201611,middle
OA1_S2.20,OA1,ProC,-0.41429025328583,1.03607996223999,middle
OA1_S2.21,OA1,preHTC,1.1696370679504,0.753586555931921,Q4
OA1_S2.22,OA1,ProC,0.827987159517138,0.0894381225702034,middle
OA1_S2.23,OA1,RegC,0.542302111129731,1.00570057350217,middle
OA1_S2.24,OA1,RegC,0.539544336162737,0.84465518884126,middle
OA1_S2.25,OA1,HomC,4.58711130509182,0,Q4
OA1_S2.27,OA1,HomC,1.58192876764769,0,Q4
OA1_S2.28,OA1,HTC,-0.380227608107618,0,middle
OA1_S2.29,OA1,HomC,3.03375400975378,1.00941913480828,Q4
OA1_S2.30,OA1,ProC,3.41411511877267,0,Q4
OA1_S2.31,OA1,ProC,0.938908835998908,1.35416176047413,Q4
OA1_S2.32,OA1,ProC,-0.403997022962574,0.823083456405296,middle
OA1_S3.1,OA1,ProC,-1.33695165828056,1.18969008155034,Q1
OA1_S3.2,OA1,ProC,-0.781485097788052,0,middle
OA1_S3.4,OA1,ProC,-0.284134703595111,0.866861852231846,middle
OA1_S3.7,OA1,ProC,-1.73492292819838,0.748092673448243,Q1
OA1_S3.9,OA1,HomC,-0.811954497228757,0,middle
OA1_S3.10,OA1,preHTC,0.608784520672467,0,middle
OA1_S3.11,OA1,ProC,0.922701001348437,0.139867021447257,Q4
OA1_S3.12,OA1,HomC,-1.03171551028516,0,Q1
OA1_S3.14,OA1,HomC,-1.686559896863,0.0586575211961803,Q1
OA1_S3.15,OA1,ProC,-1.25939609976357,0.0806082155805409,Q1
OA1_S3.17,OA1,preHTC,0.207131241148615,0.666802738033824,middle
OA1_S3.18,OA1,preHTC,1.08885676798098,0,Q4
OA1_S3.19,OA1,preHTC,-0.111112325369782,0.357955106357055,middle
OA1_S3.21,OA1,ProC,0.1189534541727,0.264893553298932,middle
OA1_S3.24,OA1,ProC,-1.35791954236191,1.37671512023439,Q1
OA1_S3.26,OA1,ProC,-0.32643035929109,0.581082730582116,middle
OA1_S3.27,OA1,ProC,-0.343071100072747,1.64948728600492,middle
OA1_S3.30,OA1,preHTC,-1.74373479429304,1.27364906214212,Q1
OA1_S3.31,OA1,ProC,-0.626825582733564,0.798730817378072,middle
OA1_S3.32,OA1,ProC,-0.0835172929959941,0,middle
OA1_S4.1,OA1,ProC,0.0920429249168357,0,middle
OA1_S4.3,OA1,HomC,0.702761054223561,0.568213544549532,middle
OA1_S4.4,OA1,ProC,0.160470802590066,0.0312824622307656,middle
OA1_S4.5,OA1,preHTC,-0.67094441609472,0,middle
OA1_S4.6,OA1,HomC,-1.2070089507548,0.867329005399002,Q1
OA1_S4.7,OA1,FC,0.658943237630755,1.16788041874699,middle
OA1_S4.8,OA1,ProC,-0.349959310910403,0.489328292180208,middle
OA1_S4.9,OA1,RegC,-0.101453936165258,0,middle
OA1_S4.10,OA1,RegC,-0.339371732746462,0.0603492245358207,middle
OA1_S4.11,OA1,HomC,-0.644255893645027,1.71623781650098,middle
OA1_S4.12,OA1,ProC,-0.269987715380523,0,middle
OA1_S4.13,OA1,ProC,-0.810343454337791,0.867555870919343,middle
OA1_S4.14,OA1,preHTC,0.0432689430470083,0,middle
OA1_S4.15,OA1,preHTC,-0.17626963949805,0.940168282948946,middle
OA1_S4.16,OA1,ProC,-0.00755186094028004,1.38479405448653,middle
OA1_S4.17,OA1,HomC,1.22042422573986,0,Q4
OA1_S4.18,OA1,HomC,-0.744527768077129,0.406951164408465,middle
OA1_S4.19,OA1,HomC,0.394008969875944,0,middle
OA1_S4.20,OA1,HomC,-1.26000934537964,0.0302709454310588,Q1
OA1_S4.21,OA1,HomC,-0.038043889355016,0,middle
OA1_S4.22,OA1,ProC,-0.471330817885701,0.655855665994366,middle
OA1_S4.23,OA1,ProC,-0.815468673660955,0.2610176254659,middle
OA1_S4.25,OA1,preHTC,1.00510686041311,0.381591096231843,Q4
OA1_S4.26,OA1,HomC,1.6843495900777,0.794005017503499,Q4
OA1_S4.27,OA1,ProC,-0.620599212953065,0.353461047366728,middle
OA1_S4.28,OA1,HomC,1.02872074244067,0.735866822671259,Q4
OA1_S4.29,OA1,HomC,0.87091609718189,0,Q4
OA1_S4.30,OA1,HomC,1.18611365974949,0.107393479812795,Q4
OA1_S4.31,OA1,ProC,0.0164039507626637,0.954326438995254,middle
OA1_S4.32,OA1,preHTC,0.117675149141318,1.31456307804919,middle
OA2_S0.1,OA2,HomC,0.454599268623137,0,Q4
OA2_S0.2,OA2,RegC,0.62537036927365,0.755211212986927,Q4
OA2_S0.3,OA2,HomC,0.262016545110855,0.682915653129323,middle
OA2_S0.4,OA2,RegC,0.76665871717535,0,Q4
OA2_S0.6,OA2,HTC,-2.2181060833946,0.225646428399781,Q1
OA2_S0.7,OA2,HomC,0.640022807423714,1.36380069954579,Q4
OA2_S0.8,OA2,ProC,-1.20780715639529,0,Q1
OA2_S0.9,OA2,HomC,0.282732462426118,0,middle
OA2_S0.10,OA2,HomC,-2.04232413343286,0.0566823479692385,Q1
OA2_S0.12,OA2,RegC,0.89028829418693,0.117166835656505,Q4
OA2_S0.14,OA2,HomC,1.71468802527416,0,Q4
OA2_S0.15,OA2,ProC,0.474785438555751,0.0509485227260908,Q4
OA2_S0.16,OA2,HomC,1.36022027863003,0.272000696365091,Q4
OA2_S0.17,OA2,RegC,1.57519723117448,0,Q4
OA2_S0.18,OA2,HomC,-2.24843143373266,0.397428187651182,Q1
OA2_S0.19,OA2,HomC,1.72197847267,0,Q4
OA2_S0.20,OA2,EC,2.39200508329217,0.29992408461827,Q4
OA2_S0.21,OA2,ProC,-1.26157745416944,0,Q1
OA2_S0.22,OA2,HTC,-2.10196614895183,0,Q1
OA2_S0.24,OA2,RegC,0.764200299799599,0,Q4
OA2_S0.25,OA2,HomC,1.42285470056166,0,Q4
OA2_S0.26,OA2,HomC,0.973965663384548,1.36155461759642,Q4
OA2_S0.28,OA2,HomC,-1.74752752040575,0.691582678557291,Q1
OA2_S0.30,OA2,RegC,0.819175037164489,1.16374036935866,Q4
OA2_S0.31,OA2,HomC,1.16154330811206,0.951214073349696,Q4
OA2_S0.32,OA2,RegC,0.609075650408156,0.705950362702957,Q4
OA2_S1.1,OA2,RegC,0.137943788065963,1.40692998488485,middle
OA2_S1.2,OA2,ProC,-1.23239971912986,0,Q1
OA2_S1.3,OA2,ProC,-0.871637354699641,1.07918102277555,middle
OA2_S1.4,OA2,ProC,-0.569084233177756,0,middle
OA2_S1.6,OA2,HTC,-1.71789663113262,0,Q1
OA2_S1.7,OA2,HomC,-1.18485384269472,1.29796571610824,Q1
OA2_S1.8,OA2,RegC,1.72588752796063,0,Q4
OA2_S1.9,OA2,RegC,-1.41386878745949,0.324377717630841,Q1
OA2_S1.10,OA2,HomC,-1.26895131347713,0.0407353455253833,Q1
OA2_S1.11,OA2,HomC,-1.99485007733056,0.615956227938726,Q1
OA2_S1.12,OA2,HomC,-1.61414608513844,1.37329283332818,Q1
OA2_S1.13,OA2,EC,0.115219916967523,0.0552028705662971,middle
OA2_S1.14,OA2,ProC,-1.59633733160844,0.290216864121294,Q1
OA2_S1.15,OA2,ProC,-1.24505475492024,0,Q1
OA2_S1.16,OA2,HomC,-0.517272154845448,0,middle
OA2_S1.17,OA2,RegC,0.255013262780079,1.66228976993655,middle
OA2_S1.18,OA2,ProC,-1.53021528185754,0.510427344774711,Q1
OA2_S1.19,OA2,HomC,0.374917049470792,0,Q4
OA2_S1.20,OA2,RegC,0.308811709543712,0,middle
OA2_S1.21,OA2,RegC,1.92790570577959,0,Q4
OA2_S1.22,OA2,ProC,-0.317471046695407,0,middle
OA2_S1.23,OA2,ProC,0.245571027558914,1.36833902064026,middle
OA2_S1.24,OA2,HomC,0.168150607420001,0,middle
OA2_S1.25,OA2,ProC,-1.15024212655212,0,Q1
OA2_S1.26,OA2,HomC,-0.903328369425991,0,middle
OA2_S1.27,OA2,HTC,-0.897023787910679,0,middle
OA2_S1.29,OA2,RegC,-0.856865739187978,0,middle
OA2_S1.30,OA2,HomC,0.292037312140213,1.47095066540713,middle
OA2_S1.31,OA2,ProC,-0.969443741067241,0.48439982281898,middle
OA2_S1.32,OA2,ProC,-1.56527432383952,0,Q1
OA2_S2.2,OA2,ProC,-0.785149761404918,0.772962141662987,middle
OA2_S2.3,OA2,ProC,-0.489209327809547,0.601102128550797,middle
OA2_S2.4,OA2,ProC,-0.245458199665268,0.243917919616077,middle
OA2_S2.5,OA2,ProC,-0.333110512985902,1.09742290025921,middle
OA2_S2.6,OA2,preHTC,-1.09421335990713,0.662378527408767,middle
OA2_S2.7,OA2,ProC,-1.97489051470133,1.38246887882429,Q1
OA2_S2.8,OA2,ProC,0.552431185160828,0.728713947316929,Q4
OA2_S2.9,OA2,ProC,0.0682118915712621,0.4104668904187,middle
OA2_S2.10,OA2,preHTC,0.323109972714428,0.0341115806040059,middle
OA2_S2.11,OA2,HomC,0.286289369960225,1.1103010914246,middle
OA2_S2.13,OA2,ProC,0.170622307487091,0.491426009008574,middle
OA2_S2.14,OA2,ProC,-0.119612025740785,0.134179167379473,middle
OA2_S2.15,OA2,ProC,0.118823023926147,0.65896266258312,middle
OA2_S2.16,OA2,HomC,-0.0518223822259661,0.519352655839992,middle
OA2_S2.17,OA2,ProC,-0.599629502040368,0.0601685214664528,middle
OA2_S2.18,OA2,HomC,-0.174558445376335,0.84550915113444,middle
OA2_S2.19,OA2,ProC,0.146713681970111,0.553825463597055,middle
OA2_S2.20,OA2,ProC,-0.78928648122184,0.0242238782279518,middle
OA2_S2.21,OA2,ProC,-0.126693907916965,0.750197571461677,middle
OA2_S2.22,OA2,ProC,-0.653833468624884,0.860273983123823,middle
OA2_S2.23,OA2,HomC,-0.683869386820015,0.61613169401587,middle
OA2_S2.24,OA2,ProC,-0.827645975197818,0.462163359564859,middle
OA2_S2.25,OA2,HomC,-1.43869433466837,0.530360742083591,Q1
OA2_S2.26,OA2,ProC,-0.615854188352193,0.428668201595724,middle
OA2_S2.27,OA2,preHTC,-0.412556514949704,0,middle
OA2_S2.28,OA2,ProC,-0.466943095826047,1.76331583171472,middle
OA2_S2.29,OA2,ProC,1.0440828239361,0,Q4
OA2_S2.30,OA2,ProC,-0.546601146044209,0,middle
OA2_S2.31,OA2,ProC,-0.854367928940029,0.0660598173345396,middle
OA2_S3.1,OA2,HomC,-0.758118501869079,0.426399819844321,middle
OA2_S3.3,OA2,preHTC,-0.0935752839511913,0.899515937699709,middle
OA2_S3.4,OA2,ProC,-1.37524368324196,0.603146985777336,Q1
OA2_S3.5,OA2,ProC,-0.795220032468975,0.422450992168195,middle
OA2_S3.6,OA2,ProC,-0.476724894451176,1.13190836437316,middle
OA2_S3.7,OA2,preHTC,-1.30283366768827,0,Q1
OA2_S3.8,OA2,ProC,-1.40993711597146,1.70716918550075,Q1
OA2_S3.9,OA2,ProC,0.593997907815344,0.325786057804943,Q4
OA2_S3.10,OA2,preHTC,0.911681611672555,0,Q4
OA2_S3.11,OA2,ProC,-0.905661944687974,0.178280093760949,middle
OA2_S3.12,OA2,RegC,1.48122910811208,1.0150108022362,Q4
OA2_S3.13,OA2,HomC,0.101447598821702,0.0551556649496596,middle
OA2_S3.14,OA2,preHTC,-0.720101027404676,0.437910126112527,middle
OA2_S3.15,OA2,ProC,-0.311784864037206,0.0825704517815358,middle
OA2_S3.16,OA2,preHTC,0.765419034906631,0.137313392941006,Q4
OA2_S3.17,OA2,ProC,-0.670803609782208,0.0273823926381946,middle
OA2_S3.19,OA2,preHTC,0.463491637986104,0.0457069909481032,Q4
OA2_S3.20,OA2,preHTC,-0.577704445697794,0,middle
OA2_S3.21,OA2,HomC,-0.125203121200022,1.11941702427604,middle
OA2_S3.22,OA2,ProC,0.20733014026072,0.554109077316876,middle
OA2_S3.23,OA2,RegC,0.726851681574068,1.02634139749207,Q4
OA2_S3.24,OA2,ProC,-0.120688513675114,0,middle
OA2_S3.25,OA2,preHTC,0.178467022069747,0.161815341085634,middle
OA2_S3.26,OA2,ProC,-1.42681366866831,0.0591776596098885,Q1
OA2_S3.27,OA2,HomC,0.393727957389281,1.43906877296272,Q4
OA2_S3.28,OA2,ProC,-0.482470386792345,1.19991817120218,middle
OA2_S3.29,OA2,HomC,-2.13606059409761,0,Q1
OA2_S3.30,OA2,HTC,-1.56892043542223,1.49390152543903,Q1
OA2_S3.31,OA2,preHTC,0.47173714421388,0,Q4
OA2_S3.32,OA2,ProC,-0.443981495071008,0.66513392961612,middle
OA2_S4.2,OA2,ProC,1.08699308834622,0.0204934443395693,Q4
OA2_S4.3,OA2,ProC,-0.547265279310714,0.0928393231150207,middle
OA2_S4.4,OA2,RegC,-2.26961954146014,0.324407503923333,Q1
OA2_S4.5,OA2,ProC,-1.72355100760084,0.369704733748254,Q1
OA2_S4.6,OA2,HomC,-1.380551277359,0.0220698125772838,Q1
OA2_S4.7,OA2,RegC,0.445489082521974,0,Q4
OA2_S4.8,OA2,ProC,-0.944285789384376,0,middle
OA2_S4.9,OA2,ProC,-1.27193424132692,0,Q1
OA2_S4.10,OA2,ProC,-1.40761014092802,0,Q1
OA2_S4.11,OA2,RegC,0.34104608115002,0.63320662876409,Q4
OA2_S4.13,OA2,ProC,-1.1079213611481,2.15194544927158,Q1
OA2_S4.14,OA2,ProC,-0.308807454447424,0,middle
OA2_S4.15,OA2,preHTC,0.325632252130019,1.61666706993035,Q4
OA2_S4.16,OA2,ProC,-1.86309035439922,1.06383262906325,Q1
OA2_S4.17,OA2,ProC,-0.369254137607496,0.643999011929606,middle
OA2_S4.18,OA2,preHTC,-0.895719959702642,0.799262978714693,middle
OA2_S4.19,OA2,preHTC,-0.532584511929836,0,middle
OA2_S4.20,OA2,HomC,-1.04819712802473,0.033472567306604,middle
OA2_S4.21,OA2,ProC,-0.964641480282354,0.606841193919334,middle
OA2_S4.22,OA2,ProC,-1.65633671289622,0.527073920408696,Q1
OA2_S4.23,OA2,HTC,-2.08437016709153,1.08577028124498,Q1
OA2_S4.24,OA2,EC,2.30261694331393,0.324658543952759,Q4
OA2_S4.25,OA2,preHTC,-0.416649658175305,0.375931732301606,middle
OA2_S4.26,OA2,ProC,-0.0644568579235777,0,middle
OA2_S4.27,OA2,ProC,-0.80217352544671,0.476627528752829,middle
OA2_S4.28,OA2,ProC,-0.62212757774931,0.356528960389139,middle
OA2_S4.29,OA2,EC,-0.395220749241355,0,middle
OA2_S4.30,OA2,EC,0.819119422762903,0.367442378525594,Q4
OA2_S4.31,OA2,ProC,-1.06534111660226,0.835687131746949,middle
OA2_S4.32,OA2,EC,1.21636031678442,0.327730665683077,Q4
OA3_S0.1,OA3,EC,-1.58628743122227,0,Q1
OA3_S0.2,OA3,HomC,0.68347479239373,0,middle
OA3_S0.3,OA3,HomC,-0.680021928151353,0,middle
OA3_S0.4,OA3,EC,-0.206817955525565,0,middle
OA3_S0.5,OA3,EC,-0.497796027608182,0.841513934072181,middle
OA3_S0.6,OA3,EC,-0.522180795070956,0.933843396955527,middle
OA3_S0.7,OA3,HomC,-1.70216798873748,0,Q1
OA3_S0.8,OA3,EC,0.397047964878804,0.204687846547729,middle
OA3_S0.9,OA3,HomC,-0.687839659434474,0.473645826778763,middle
OA3_S0.10,OA3,EC,-1.32337713012896,0.0422370777894848,Q1
OA3_S0.11,OA3,EC,-1.39709454318339,0.565303791050479,Q1
OA3_S0.12,OA3,HomC,0.0447109388086923,0,middle
OA3_S0.13,OA3,EC,0.0169273872805624,0,middle
OA3_S0.14,OA3,EC,-1.12712358898677,0,Q1
OA3_S0.16,OA3,EC,-0.999620047653091,0.46743565210933,Q1
OA3_S0.17,OA3,EC,-1.30581352519511,0.0278028906443033,Q1
OA3_S0.18,OA3,RegC,0.209874903353783,0.227125657480599,middle
OA3_S0.19,OA3,HomC,-0.973731119688633,1.00845021738089,Q1
OA3_S0.20,OA3,EC,-0.0111907313058914,0.120936907215027,middle
OA3_S0.21,OA3,EC,-0.00746518349934655,0.320642334829389,middle
OA3_S0.22,OA3,EC,-0.818280472378483,0.70168134824733,middle
OA3_S0.23,OA3,EC,-0.869244387781831,0,middle
OA3_S0.24,OA3,EC,-1.17861546180245,0.683617795398482,Q1
OA3_S0.25,OA3,EC,-1.81271163285644,0.700848561505067,Q1
OA3_S0.26,OA3,HomC,-0.762055937335587,0.973181899705652,middle
OA3_S0.27,OA3,EC,-1.1762200929851,0,Q1
OA3_S0.28,OA3,EC,-1.22289475282653,1.13790025603309,Q1
OA3_S0.29,OA3,HomC,-0.360463999470629,0,middle
OA3_S0.30,OA3,EC,-0.819887069145825,1.03054419664673,middle
OA3_S0.31,OA3,EC,-0.665339293534417,0,middle
OA3_S0.32,OA3,EC,-0.395366595761845,0.772968736678946,middle
OA3_S1.1,OA3,HTC,0.63966676853774,0,middle
OA3_S1.2,OA3,preHTC,0.891152612441022,0.163465898004849,middle
OA3_S1.3,OA3,HomC,-0.810576687455752,0,middle
OA3_S1.4,OA3,EC,0.826048641748254,0.488081751346296,middle
OA3_S1.5,OA3,HTC,-0.944707448739477,0,middle
OA3_S1.6,OA3,EC,-1.63024147699481,0.0952209906796352,Q1
OA3_S1.7,OA3,EC,-0.480166938432991,0.337877617781706,middle
OA3_S1.8,OA3,EC,-1.0661736246576,0.410718023326689,Q1
OA3_S1.9,OA3,EC,-0.407454813503971,0,middle
OA3_S1.10,OA3,RegC,0.248061379953153,0,middle
OA3_S1.11,OA3,EC,-0.497710579286351,0.496480512674782,middle
OA3_S1.12,OA3,EC,-0.856922354988092,1.14642779986357,middle
OA3_S1.13,OA3,RegC,-0.393791537488581,0.241213969713184,middle
OA3_S1.14,OA3,EC,-0.191876033479439,0.21994525171794,middle
OA3_S1.15,OA3,HomC,-0.519092617809198,1.44701935872055,middle
OA3_S1.16,OA3,HTC,-1.15066777625531,0,Q1
OA3_S1.17,OA3,HTC,-0.159929842833066,0,middle
OA3_S1.18,OA3,EC,-0.0717105023010551,0,middle
OA3_S1.19,OA3,EC,0.0909068518753201,0,middle
OA3_S1.20,OA3,EC,0.257087712883372,0.792717676772362,middle
OA3_S1.21,OA3,HomC,0.126796861833835,0,middle
OA3_S1.22,OA3,EC,-0.482445512144911,1.24997571059776,middle
OA3_S1.23,OA3,EC,-0.0445911502956983,0.721598823317175,middle
OA3_S1.24,OA3,RegC,0.26227405162739,0,middle
OA3_S1.25,OA3,EC,-1.6708990417914,0,Q1
OA3_S1.26,OA3,EC,0.192584865226478,0.0196966097222048,middle
OA3_S1.27,OA3,EC,-1.52975365614087,0.387238100470135,Q1
OA3_S1.28,OA3,RegC,-1.21020863999782,0.602685736060161,Q1
OA3_S1.29,OA3,EC,-0.752467336652903,0,middle
OA3_S1.30,OA3,HomC,-1.12530269627511,0,Q1
OA3_S1.31,OA3,preHTC,0.464475465111975,0.91479833458628,middle
OA3_S1.32,OA3,EC,-1.34963932653333,0.0509980045564493,Q1
OA3_S2.1,OA3,preHTC,-0.352504203575088,0.624254863711597,middle
OA3_S2.2,OA3,EC,-0.106503699440747,0.213345408642021,middle
OA3_S2.3,OA3,EC,-0.772471665122232,0,middle
OA3_S2.4,OA3,HomC,0.560304721977159,0,middle
OA3_S2.5,OA3,RegC,1.15508254440989,0,Q4
OA3_S2.6,OA3,EC,-0.0979681845623016,0,middle
OA3_S2.7,OA3,EC,-0.97211347585367,0.364832194648078,Q1
OA3_S2.8,OA3,EC,1.02747738405141,0.336651553813014,middle
OA3_S2.9,OA3,EC,-0.506664400977062,0,middle
OA3_S2.10,OA3,EC,-0.507873959026813,0.408188285550918,middle
OA3_S2.11,OA3,EC,0.0814921893205491,1.52638704072897,middle
OA3_S2.12,OA3,EC,-0.401093641973369,1.02570203496408,middle
OA3_S2.13,OA3,EC,-0.541494427341556,0,middle
OA3_S2.14,OA3,EC,-0.556525428735961,0.44290682778239,middle
OA3_S2.15,OA3,EC,-1.11351202631044,0.181704399507044,Q1
OA3_S2.16,OA3,RegC,0.230024678973752,0,middle
OA3_S2.17,OA3,EC,0.166675730721126,0,middle
OA3_S2.18,OA3,EC,-0.889224675756303,0.295139509128267,middle
OA3_S2.19,OA3,HomC,-0.949868559790692,0.184243153922234,middle
OA3_S2.20,OA3,RegC,-0.380327706205499,0.230852644193786,middle
OA3_S2.21,OA3,EC,-1.07635425392969,0,Q1
OA3_S2.22,OA3,HomC,0.426319259760746,0,middle
OA3_S2.23,OA3,HomC,-1.23115890049964,0.429854256191326,Q1
OA3_S2.24,OA3,preHTC,0.211830698878553,0.0611732944523814,middle
OA3_S2.25,OA3,preHTC,1.67657456610637,0,Q4
OA3_S2.26,OA3,EC,-0.490182151232793,0.596343578742376,middle
OA3_S2.27,OA3,EC,-0.234721072544397,0.477275197355481,middle
OA3_S2.28,OA3,EC,-0.671274159162527,0.0209593719056443,middle
OA3_S2.29,OA3,preHTC,2.73610787849525,0.674145714276563,Q4
OA3_S2.30,OA3,EC,2.35695362877994,0.269608024966443,Q4
OA3_S2.31,OA3,HomC,1.15754496735498,0,Q4
OA3_S2.32,OA3,preHTC,1.56730411227818,0,Q4
OA3_S3.1,OA3,HomC,-1.86517429132695,0,Q1
OA3_S3.2,OA3,HomC,-2.14086757408404,0.308303243012044,Q1
OA3_S3.3,OA3,EC,-1.23638321055833,0.426485843451325,Q1
OA3_S3.4,OA3,preHTC,-0.88284240639031,0.71826004951288,middle
OA3_S3.5,OA3,EC,-0.403651965907456,0.375200772205812,middle
OA3_S3.6,OA3,preHTC,-1.37489536354659,0.095102904626282,Q1
OA3_S3.7,OA3,preHTC,-0.0866495447580051,0.144798735591076,middle
OA3_S3.8,OA3,EC,-0.90694072557882,0,middle
OA3_S3.9,OA3,preHTC,-0.455812611851323,0.234229960697811,middle
OA3_S3.10,OA3,preHTC,-0.438240171209236,0.0426784234726216,middle
OA3_S3.11,OA3,preHTC,-1.58981191523831,0.392705167630696,Q1
OA3_S3.12,OA3,preHTC,1.42753606851885,0.0983728773701121,Q4
OA3_S3.14,OA3,preHTC,1.7039210332509,0.486949414052921,Q4
OA3_S3.15,OA3,HomC,-1.8396512626217,0,Q1
OA3_S3.16,OA3,preHTC,-1.18058825252145,0.0546733580539853,Q1
OA3_S3.17,OA3,preHTC,-0.0588977102171493,0.565192926498219,middle
OA3_S3.18,OA3,preHTC,0.0971318779760247,0.0547728040229023,middle
OA3_S3.19,OA3,preHTC,-1.24013440403416,0.0600788460453137,Q1
OA3_S3.21,OA3,preHTC,-0.908251010039127,1.01924184051735,middle
OA3_S3.22,OA3,preHTC,-1.43646605573574,0.886085041882662,Q1
OA3_S3.24,OA3,preHTC,-1.61076501142271,0.554898924315136,Q1
OA3_S3.25,OA3,EC,-0.16441329815004,0,middle
OA3_S3.26,OA3,preHTC,-1.17968276616872,0.0325162113859893,Q1
OA3_S3.27,OA3,preHTC,0.00935386958910611,0.0230633805781274,middle
OA3_S3.28,OA3,preHTC,-0.230400589714907,0.93209133120839,middle
OA3_S3.29,OA3,preHTC,0.0465707395082839,0,middle
OA3_S3.30,OA3,EC,-1.80401792385843,0.348283936666607,Q1
OA3_S3.31,OA3,preHTC,-1.17915112338475,0.241341411530304,Q1
OA3_S3.32,OA3,EC,-2.02883421414211,0.0686353692740202,Q1
OA3_S4.1,OA3,FC,3.8709982375667,0,Q4
OA3_S4.3,OA3,FC,1.63510579539041,0,Q4
OA3_S4.4,OA3,FC,2.09997322652178,0,Q4
OA3_S4.5,OA3,FC,2.6988970903878,0,Q4
OA3_S4.6,OA3,FC,1.50081668158115,0,Q4
OA3_S4.7,OA3,FC,2.55754932865301,0,Q4
OA3_S4.8,OA3,FC,2.48579918630487,0,Q4
OA3_S4.9,OA3,FC,2.18590556515069,0,Q4
OA3_S4.10,OA3,FC,1.7977388178461,0,Q4
OA3_S4.11,OA3,FC,2.81487990085856,0.0469107160959346,Q4
OA3_S4.12,OA3,FC,1.94994633470631,0,Q4
OA3_S4.13,OA3,FC,1.7168278222553,1.04000686056753,Q4
OA3_S4.14,OA3,FC,1.915630927137,0,Q4
OA3_S4.15,OA3,FC,3.83366876025088,0.109639923997441,Q4
OA3_S4.16,OA3,FC,2.28227104914744,0,Q4
OA3_S4.17,OA3,FC,2.4898618832364,0.610414177682981,Q4
OA3_S4.18,OA3,FC,2.94194624333956,0,Q4
OA3_S4.19,OA3,FC,3.00627967913965,0,Q4
OA3_S4.20,OA3,FC,1.72004613844853,0,Q4
OA3_S4.21,OA3,FC,1.9465726588726,0.267902486364805,Q4
OA3_S4.22,OA3,FC,2.91356502486518,0,Q4
OA3_S4.23,OA3,FC,4.00861870858835,0,Q4
OA3_S4.24,OA3,FC,2.73067730553965,0.689269858010929,Q4
OA3_S4.25,OA3,FC,2.40332725342556,0.0879803897258149,Q4
OA3_S4.26,OA3,FC,2.32558134754838,0,Q4
OA3_S4.27,OA3,FC,2.27689836700844,0,Q4
OA3_S4.28,OA3,FC,2.89688223786353,0,Q4
OA3_S4.29,OA3,FC,1.79790505154842,0.143826563000574,Q4
OA3_S4.30,OA3,FC,2.41065306823766,0,Q4
OA3_S4.31,OA3,FC,2.88998980328023,0,Q4
OA3_S4.32,OA3,FC,3.64177922986871,0.43702399481896,Q4
OA4_S0.1,OA4,EC,-2.07723524250685,0.0334518505662216,Q1
OA4_S0.2,OA4,ProC,-1.03496409019413,0.592302073315942,Q1
OA4_S0.3,OA4,EC,-0.855129683007704,0.523068105644735,middle
OA4_S0.4,OA4,EC,-0.943169905942266,0.445795533637854,Q1
OA4_S0.5,OA4,EC,-1.24113242472698,0.106026930393706,Q1
OA4_S0.6,OA4,EC,-0.609194623200539,0.931735396281876,middle
OA4_S0.7,OA4,EC,-0.690491053042035,1.16883904346109,middle
OA4_S0.8,OA4,EC,-1.9310775570891,0.898982609261431,Q1
OA4_S0.9,OA4,EC,-0.273822131619379,0.543851491594579,middle
OA4_S0.10,OA4,EC,-0.94081701299824,0.874124196782851,Q1
OA4_S0.11,OA4,EC,-1.67989583061886,0.389518537718967,Q1
OA4_S0.12,OA4,EC,-0.897937593178449,0,Q1
OA4_S0.13,OA4,EC,-1.77522290904805,0.626702833132242,Q1
OA4_S0.14,OA4,HomC,4.00772092842657,0.052631262428666,Q4
OA4_S0.15,OA4,EC,-0.869338782716238,0.0759721418223532,middle
OA4_S0.16,OA4,EC,-1.19193453531305,0,Q1
OA4_S0.17,OA4,ProC,-1.45600200420163,0,Q1
OA4_S0.18,OA4,EC,-0.87858118411702,0,middle
OA4_S0.19,OA4,EC,-0.332159705508744,0,middle
OA4_S0.20,OA4,EC,-0.140842462953781,0.6308356889035,middle
OA4_S0.21,OA4,HomC,-0.512690159627603,0.469623941850459,middle
OA4_S0.22,OA4,EC,-1.10982082213907,0.710619991793511,Q1
OA4_S0.24,OA4,EC,-0.160531269165409,0.15862558145592,middle
OA4_S0.26,OA4,EC,-0.452469709593086,0.568722964522761,middle
OA4_S0.27,OA4,EC,-0.346912996387874,0,middle
OA4_S0.28,OA4,ProC,-0.681446924314091,0.107277007458996,middle
OA4_S0.29,OA4,EC,0.183439042377008,0,middle
OA4_S0.30,OA4,EC,-1.3530526294164,0.27534593888914,Q1
OA4_S0.31,OA4,EC,-0.90786215268186,0.797189988837614,Q1
OA4_S0.32,OA4,EC,-0.0362278120506547,0,middle
OA4_S1.1,OA4,ProC,-0.337520178738224,0,middle
OA4_S1.2,OA4,RegC,-1.04904087843048,1.11428786441377,Q1
OA4_S1.3,OA4,RegC,0.169974089336307,0,middle
OA4_S1.4,OA4,EC,-0.340979328944988,0.552214272549084,middle
OA4_S1.5,OA4,EC,-1.11581270892759,0.242513501975824,Q1
OA4_S1.6,OA4,ProC,0.398238688540976,0,middle
OA4_S1.7,OA4,RegC,1.05197949188104,0,Q4
OA4_S1.8,OA4,RegC,0.478997332284056,0.677760382916475,middle
OA4_S1.9,OA4,HomC,-0.846413133806114,0.572312250307784,middle
OA4_S1.10,OA4,EC,-0.248418700491005,0.836479928810278,middle
OA4_S1.11,OA4,EC,-0.988814325131541,0,Q1
OA4_S1.12,OA4,RegC,-0.538500867687525,1.34470474174391,middle
OA4_S1.13,OA4,EC,-1.04102741646929,0.463603730097305,Q1
OA4_S1.14,OA4,EC,-1.1610032001455,0,Q1
OA4_S1.15,OA4,RegC,-0.586651918455849,0.0849157775160117,middle
OA4_S1.16,OA4,RegC,0.1624844759067,0,middle
OA4_S1.17,OA4,EC,0.0110499113836116,1.18110496342157,middle
OA4_S1.18,OA4,RegC,0.602492863483298,0.112017932067512,middle
OA4_S1.19,OA4,ProC,-1.31494176962151,1.29611046077984,Q1
OA4_S1.20,OA4,HomC,-0.292966153276646,0,middle
OA4_S1.21,OA4,RegC,0.21152800579331,0,middle
OA4_S1.22,OA4,EC,-0.534546622126792,0,middle
OA4_S1.23,OA4,EC,-0.790433533463276,1.03113759182261,middle
OA4_S1.24,OA4,EC,-1.54225406001669,0,Q1
OA4_S1.25,OA4,ProC,-0.625748901984734,0.384729118268351,middle
OA4_S1.26,OA4,RegC,-0.293658348958104,0,middle
OA4_S1.27,OA4,RegC,-0.208842329727683,0.699850604665612,middle
OA4_S1.28,OA4,EC,-0.489223474527598,0,middle
OA4_S1.29,OA4,ProC,-1.4905195113432,0,Q1
OA4_S1.30,OA4,ProC,-0.118805296471063,0.435262616249488,middle
OA4_S1.31,OA4,RegC,0.0866016757436207,0,middle
OA4_S1.32,OA4,ProC,-1.6802688556464,0.787182814292622,Q1
OA4_S2.1,OA4,ProC,-1.90608415872963,0.911829755202593,Q1
OA4_S2.2,OA4,preHTC,-0.260470550174233,0.815906080140472,middle
OA4_S2.3,OA4,ProC,-1.57199753957576,0.666478933477784,Q1
OA4_S2.4,OA4,EC,-1.19303403382419,0,Q1
OA4_S2.5,OA4,EC,-1.20325151951016,0.234437684069011,Q1
OA4_S2.6,OA4,EC,-1.10598248843263,0.96066627054364,Q1
OA4_S2.7,OA4,preHTC,-0.144798351956026,0.717865403859009,middle
OA4_S2.8,OA4,EC,-0.883855084375088,0,middle
OA4_S2.9,OA4,ProC,-1.65202595735158,0.145101817754856,Q1
OA4_S2.10,OA4,preHTC,-2.12761259895835,1.3555098655321,Q1
OA4_S2.11,OA4,ProC,-1.28323256672628,0,Q1
OA4_S2.12,OA4,ProC,1.05041482757615,0.141236270585606,Q4
OA4_S2.13,OA4,EC,-1.4269796316001,0.737271420482304,Q1
OA4_S2.14,OA4,preHTC,0.60995090730043,0.819986269114441,middle
OA4_S2.15,OA4,ProC,-0.250732698435086,1.22749515300508,middle
OA4_S2.16,OA4,ProC,-0.759833252753814,0.584816362978657,middle
OA4_S2.17,OA4,ProC,0.491169754853327,0,middle
OA4_S2.18,OA4,ProC,-1.76501774627253,0,Q1
OA4_S2.19,OA4,preHTC,0.30704915600541,0,middle
OA4_S2.20,OA4,ProC,-0.760885869396895,0,middle
OA4_S2.21,OA4,EC,0.895198380927718,1.07680849901004,middle
OA4_S2.22,OA4,EC,-0.872653814523602,0.0187058747636271,middle
OA4_S2.23,OA4,EC,-1.48228631944451,0.105455044916092,Q1
OA4_S2.24,OA4,ProC,-0.636843547815006,0.557883449711278,middle
OA4_S2.25,OA4,ProC,0.205032840090685,0,middle
OA4_S2.26,OA4,ProC,-1.36758995449114,0,Q1
OA4_S2.27,OA4,ProC,0.251253676297018,0.0293375103949279,middle
OA4_S2.28,OA4,EC,-0.758534400002615,0.594968319794765,middle
OA4_S2.29,OA4,ProC,-0.742186696569759,0,middle
OA4_S2.30,OA4,HomC,-0.597862899480184,0.391493228169359,middle
OA4_S2.31,OA4,EC,-1.95338508865588,0.606928337266032,Q1
OA4_S2.32,OA4,HTC,1.11155595301632,0,Q4
OA4_S3.1,OA4,preHTC,1.35087873448624,0,Q4
OA4_S3.2,OA4,preHTC,1.43353327401641,0,Q4
OA4_S3.4,OA4,preHTC,1.15178404620796,0.222414285722078,Q4
OA4_S3.5,OA4,preHTC,0.0728555077164604,0.180869906568547,middle
OA4_S3.6,OA4,preHTC,0.19735092495265,0.277697691757525,middle
OA4_S3.7,OA4,preHTC,-0.185196803940238,0.35193516774095,middle
OA4_S3.8,OA4,preHTC,-0.86098385588356,0.91413042032675,middle
OA4_S3.9,OA4,preHTC,0.579849547864045,0,middle
OA4_S3.10,OA4,preHTC,0.69440810246023,0,middle
OA4_S3.11,OA4,preHTC,-0.481865462029251,0,middle
OA4_S3.12,OA4,HTC,2.11077309102775,0.0379169341368426,Q4
OA4_S3.13,OA4,preHTC,1.75231469991008,0.400299348492156,Q4
OA4_S3.14,OA4,preHTC,1.99941897587795,0.634787753766226,Q4
OA4_S3.15,OA4,preHTC,0.13841575143012,0,middle
OA4_S3.17,OA4,preHTC,1.63945809991363,0,Q4
OA4_S3.18,OA4,preHTC,-0.25849177681919,0.204255017137874,middle
OA4_S3.19,OA4,preHTC,-0.91673249089561,0.488033288749127,Q1
OA4_S3.20,OA4,preHTC,0.042435675854882,0.324771037667686,middle
OA4_S3.21,OA4,preHTC,0.0347024494226737,0.564804734594081,middle
OA4_S3.22,OA4,preHTC,-0.101100480364034,0.595305457110903,middle
OA4_S3.24,OA4,preHTC,-0.834870126214407,0.98326329002646,middle
OA4_S3.26,OA4,EC,2.42715477729193,0.594502154304366,Q4
OA4_S3.27,OA4,HomC,2.17164292611011,0.359263615334853,Q4
OA4_S3.28,OA4,preHTC,-0.117731857341465,0.761432170267842,middle
OA4_S3.29,OA4,preHTC,-0.440446951049647,0.817990994270222,middle
OA4_S3.30,OA4,preHTC,-0.777590354708102,0.622379462262764,middle
OA4_S3.31,OA4,HTC,2.87846772275581,0.36282219780427,Q4
OA4_S3.32,OA4,preHTC,-0.626405335005984,0.858896431975943,middle
OA4_S4.1,OA4,preHTC,1.4768441680312,0,Q4
OA4_S4.2,OA4,preHTC,1.48956299571293,0,Q4
OA4_S4.3,OA4,FC,2.3144152193679,0.352143718782212,Q4
OA4_S4.4,OA4,preHTC,0.928012284892301,0,middle
OA4_S4.5,OA4,preHTC,1.46791995070709,0,Q4
OA4_S4.6,OA4,preHTC,2.97613157920873,0,Q4
OA4_S4.8,OA4,preHTC,1.68974745762235,0.194748886863056,Q4
OA4_S4.10,OA4,preHTC,1.17456395568282,0,Q4
OA4_S4.11,OA4,preHTC,2.10759816533062,0.507673805550529,Q4
OA4_S4.13,OA4,HomC,0.845900729889214,0,middle
OA4_S4.14,OA4,preHTC,1.55600482614929,0,Q4
OA4_S4.15,OA4,FC,2.41088235771663,0,Q4
OA4_S4.16,OA4,preHTC,1.50190904335113,0.342078801175343,Q4
OA4_S4.17,OA4,preHTC,0.10744835482294,0.143921600619256,middle
OA4_S4.18,OA4,preHTC,0.763622105158628,0.318993287807272,middle
OA4_S4.19,OA4,preHTC,1.47229244372375,0.0216611057559131,Q4
OA4_S4.20,OA4,preHTC,2.03958916899756,0.239191863291347,Q4
OA4_S4.21,OA4,preHTC,1.54026714297605,0.119249706429589,Q4
OA4_S4.22,OA4,preHTC,2.27790790229266,0,Q4
OA4_S4.23,OA4,FC,2.19774235995392,1.17417050656312,Q4
OA4_S4.24,OA4,preHTC,2.72649183182737,0,Q4
OA4_S4.25,OA4,FC,1.96553431018482,0,Q4
OA4_S4.26,OA4,preHTC,1.63825200658347,0,Q4
OA4_S4.27,OA4,preHTC,1.03472189630406,0,Q4
OA4_S4.28,OA4,preHTC,0.445068076640108,0.00748482398055159,middle
OA4_S4.29,OA4,preHTC,1.01810058863311,0,Q4
OA4_S4.30,OA4,preHTC,1.89351177552478,0,Q4
OA4_S4.31,OA4,preHTC,1.66327975472404,0,Q4
OA4_S4.32,OA4,preHTC,2.38482303632438,0.0270601977018347,Q4
OA5_S0.1,OA5,RegC,2.72738318592238,0,Q4
OA5_S0.2,OA5,HTC,0.220912891584364,0.42035260525188,middle
OA5_S0.3,OA5,EC,-1.41328213435771,0.401302357051679,Q1
OA5_S0.4,OA5,HomC,-1.44823498281,0.0578582203094235,Q1
OA5_S0.5,OA5,EC,-1.58041356011829,0,Q1
OA5_S0.6,OA5,RegC,0.0825477351046276,1.09287106571501,middle
OA5_S0.7,OA5,HomC,0.514968327867162,0,middle
OA5_S0.9,OA5,EC,-0.212892995660419,0.132143899424438,middle
OA5_S0.10,OA5,FC,4.27935774652793,0,Q4
OA5_S0.11,OA5,EC,0.157415968206086,0,middle
OA5_S0.12,OA5,HomC,-1.079279550516,0.955785707140015,Q1
OA5_S0.13,OA5,EC,-1.11634119558501,0.939836109777513,Q1
OA5_S0.14,OA5,EC,-1.08147771512425,0,Q1
OA5_S0.15,OA5,EC,-1.03193781849619,0,Q1
OA5_S0.16,OA5,EC,-0.367112157732164,0,middle
OA5_S0.17,OA5,EC,-1.38902549712732,0,Q1
OA5_S0.18,OA5,RegC,-0.324362949544162,0.620101893203963,middle
OA5_S0.19,OA5,HomC,-1.35709622240213,1.04837320374996,Q1
OA5_S0.20,OA5,RegC,0.861246756268498,0,Q4
OA5_S0.21,OA5,EC,-0.746407303435084,0,middle
OA5_S0.22,OA5,HomC,-1.42318414899319,0.473707177928827,Q1
OA5_S0.23,OA5,EC,1.32667954928017,0,Q4
OA5_S0.24,OA5,RegC,-1.17712806135789,0.620294576922593,Q1
OA5_S0.25,OA5,HomC,0.556121544335444,0.706829491124774,middle
OA5_S0.26,OA5,EC,-0.59777273353521,0,middle
OA5_S0.27,OA5,RegC,0.299500603832474,0.624839131464869,middle
OA5_S0.28,OA5,EC,0.150413962893162,0.744145768055119,middle
OA5_S0.29,OA5,HTC,-1.53644765374022,0.0411534985915247,Q1
OA5_S0.30,OA5,EC,-0.385268768433478,0,middle
OA5_S0.31,OA5,HomC,-1.14783033184869,0,Q1
OA5_S0.32,OA5,HomC,1.4432365085839,1.09069906893477,Q4
OA5_S1.1,OA5,RegC,0.155085584134653,0.738898144841261,middle
OA5_S1.2,OA5,RegC,-0.00969648683669533,0.616504902014016,middle
OA5_S1.3,OA5,HomC,-1.54864111414666,0.58763737058409,Q1
OA5_S1.5,OA5,EC,-0.284017594936867,0.0572562936295688,middle
OA5_S1.6,OA5,EC,-0.175729966652647,0,middle
OA5_S1.7,OA5,HTC,1.47923333353504,0,Q4
OA5_S1.9,OA5,RegC,1.07366108224348,0.936612022180256,Q4
OA5_S1.10,OA5,RegC,0.60131621711705,0.301612870442389,middle
OA5_S1.11,OA5,RegC,0.308626579778854,1.28916199642457,middle
OA5_S1.12,OA5,RegC,-0.535794873605725,0,middle
OA5_S1.13,OA5,ProC,-0.276846129765293,0,middle
OA5_S1.14,OA5,RegC,1.91160057100547,0.323489605841162,Q4
OA5_S1.15,OA5,ProC,-0.256927737332294,0.51521598239109,middle
OA5_S1.16,OA5,RegC,0.643734282791454,0.762677222719965,middle
OA5_S1.17,OA5,RegC,0.431730231116974,1.1325614789153,middle
OA5_S1.19,OA5,EC,-1.77095747069231,0.783815082153609,Q1
OA5_S1.21,OA5,RegC,0.313517742326164,0.275059104349743,middle
OA5_S1.22,OA5,RegC,0.673647222869666,0.770868378344293,middle
OA5_S1.23,OA5,HTC,-1.28000084121051,0,Q1
OA5_S1.24,OA5,RegC,0.790864777785236,0.632187920317204,middle
OA5_S1.25,OA5,RegC,-0.0345029083089279,0,middle
OA5_S1.26,OA5,RegC,-0.355173278904396,0,middle
OA5_S1.27,OA5,HomC,0.904431619521505,0,Q4
OA5_S1.28,OA5,RegC,0.773266485208479,0,middle
OA5_S1.29,OA5,EC,-0.955652743397728,0.396894221440244,Q1
OA5_S1.30,OA5,RegC,0.697680686484455,0.815137634050985,middle
OA5_S1.31,OA5,RegC,0.230376113894789,0,middle
OA5_S1.32,OA5,HomC,-0.186488850253939,0,middle
OA5_S2.1,OA5,RegC,1.04596331116766,0.0320798385303274,Q4
OA5_S2.3,OA5,RegC,0.595463369765669,1.16856298661743,middle
OA5_S2.4,OA5,HomC,0.291910974528848,0.00946105018082848,middle
OA5_S2.5,OA5,HTC,1.06552201245674,0,Q4
OA5_S2.6,OA5,RegC,0.537738998885549,1.08718240921153,middle
OA5_S2.7,OA5,RegC,-0.571363794311076,1.01127153300666,middle
OA5_S2.8,OA5,RegC,1.15310456896468,0.724189399230714,Q4
OA5_S2.9,OA5,preHTC,-1.61423557600981,0.147734638760945,Q1
OA5_S2.10,OA5,RegC,1.32219624561989,0.0515720381532574,Q4
OA5_S2.11,OA5,HTC,-1.13976687026902,0,Q1
OA5_S2.12,OA5,preHTC,0.45985788505028,0,middle
OA5_S2.13,OA5,HomC,-0.189847352823687,0.0426338378606073,middle
OA5_S2.14,OA5,preHTC,1.0775024848541,0,Q4
OA5_S2.15,OA5,preHTC,0.493295430343019,0.845115835615811,middle
OA5_S2.16,OA5,RegC,0.512761284455177,1.15686843182143,middle
OA5_S2.17,OA5,HomC,1.08370182945605,0.037302518329279,Q4
OA5_S2.18,OA5,RegC,0.685763256407215,0,middle
OA5_S2.19,OA5,RegC,0.124510932743888,0,middle
OA5_S2.20,OA5,RegC,-0.749264252524576,0.927427447090618,Q1
OA5_S2.21,OA5,HomC,1.65832499522749,0,Q4
OA5_S2.22,OA5,preHTC,-0.466383676200094,0.687206421837107,middle
OA5_S2.23,OA5,RegC,0.0324153360212271,1.33811153859746,middle
OA5_S2.24,OA5,ProC,0.473879731036808,0,middle
OA5_S2.25,OA5,RegC,-0.20841969251193,0,middle
OA5_S2.26,OA5,HTC,-0.499874779624338,0,middle
OA5_S2.27,OA5,HomC,0.339993861974874,0,middle
OA5_S2.28,OA5,RegC,0.482510914190075,0.16770941677175,middle
OA5_S2.29,OA5,preHTC,0.859167413514415,0.694483186102688,middle
OA5_S2.30,OA5,HTC,-0.981043337986515,1.36350966658523,Q1
OA5_S2.31,OA5,preHTC,-0.400181910638451,0.437322836358479,middle
OA5_S2.32,OA5,preHTC,0.616864450432417,0.615115579752243,middle
OA5_S3.1,OA5,EC,-0.861496836699138,0,Q1
OA5_S3.3,OA5,EC,-0.832392376691116,0,Q1
OA5_S3.4,OA5,preHTC,0.51938058378782,0.473810742288544,middle
OA5_S3.5,OA5,preHTC,1.36978804362248,0.580221461482946,Q4
OA5_S3.6,OA5,RegC,-0.354556709331991,0.549479073985211,middle
OA5_S3.7,OA5,EC,-1.86651337182132,0.473807223421798,Q1
OA5_S3.9,OA5,RegC,-0.382773340803123,0.0382735408659476,middle
OA5_S3.10,OA5,EC,-0.889417701971081,0.0653464298266656,Q1
OA5_S3.11,OA5,EC,0.264248860934955,0.636443656108441,middle
OA5_S3.12,OA5,EC,0.606307010043622,0,middle
OA5_S3.13,OA5,HomC,-0.279914113889517,0,middle
OA5_S3.14,OA5,RegC,0.0828645839345824,0,middle
OA5_S3.15,OA5,HomC,-0.83827986488856,0,Q1
OA5_S3.16,OA5,HomC,0.571245774558406,0,middle
OA5_S3.17,OA5,preHTC,1.34198504318465,0,Q4
OA5_S3.18,OA5,EC,-0.365639231524213,0.146761539473166,middle
OA5_S3.20,OA5,EC,0.08492930068,0.675279901950194,middle
OA5_S3.21,OA5,EC,-0.881989793066354,0.294798373052047,Q1
OA5_S3.22,OA5,preHTC,1.70544125695068,1.30741864889261,Q4
OA5_S3.25,OA5,EC,-1.51524405383995,1.18366687753451,Q1
OA5_S3.26,OA5,EC,-0.487667896556718,0,middle
OA5_S3.27,OA5,EC,0.690727832040893,0,middle
OA5_S3.29,OA5,EC,-0.882935848363218,0,Q1
OA5_S3.30,OA5,EC,-0.0699238744689034,0,middle
OA5_S3.31,OA5,EC,-1.06483616899693,0.26740522254865,Q1
OA5_S3.32,OA5,EC,-1.14247638372456,0.656167712261686,Q1
OA5_S4.1,OA5,HTC,3.92592586131059,0,Q4
OA5_S4.2,OA5,ProC,-0.138144237318805,0,middle
OA5_S4.3,OA5,preHTC,-0.637252108344579,0.325773820710916,middle
OA5_S4.4,OA5,HomC,1.0814735922041,0.584645197778228,Q4
OA5_S4.5,OA5,HomC,2.27040428268823,0,Q4
OA5_S4.6,OA5,HTC,-0.507905495926365,0.692917259881566,middle
OA5_S4.7,OA5,preHTC,1.02120402305516,0,Q4
OA5_S4.8,OA5,FC,3.65936384029008,0,Q4
OA5_S4.9,OA5,preHTC,1.93165406131878,0.200690001478221,Q4
OA5_S4.10,OA5,preHTC,-0.439724362205825,0.52436232644936,middle
OA5_S4.11,OA5,FC,2.90539896148259,0.419825524517392,Q4
OA5_S4.12,OA5,preHTC,-1.50865987253954,0.617445764583706,Q1
OA5_S4.13,OA5,HomC,-1.4973870199848,0.0347782515906601,Q1
OA5_S4.14,OA5,FC,4.83323908586275,0,Q4
OA5_S4.15,OA5,HTC,4.89459272875617,0.269461192802338,Q4
OA5_S4.16,OA5,preHTC,-0.0797180916274577,0,middle
OA5_S4.17,OA5,EC,-2.1416374238856,0.735998762242751,Q1
OA5_S4.18,OA5,preHTC,1.23184846056367,1.07183617452997,Q4
OA5_S4.19,OA5,FC,2.54020445345258,0.235734881027471,Q4
OA5_S4.20,OA5,FC,6.07490221826834,0.369433471256784,Q4
OA5_S4.21,OA5,ProC,0.823318088020091,0.61112473972507,middle
OA5_S4.22,OA5,preHTC,-0.414022693633017,0.30641145321376,middle
OA5_S4.23,OA5,HomC,-1.6136498643475,0.798057836150168,Q1
OA5_S4.24,OA5,FC,2.84104313257906,0,Q4
OA5_S4.25,OA5,FC,2.4723657481404,0.0510854559420105,Q4
OA5_S4.26,OA5,FC,2.84501339300872,0,Q4
OA5_S4.27,OA5,preHTC,1.3764955070473,0.418666702044873,Q4
OA5_S4.28,OA5,preHTC,0.436417908604652,0.0208005436017308,middle
OA5_S4.29,OA5,FC,2.06742200232942,0,Q4
OA5_S4.30,OA5,preHTC,-2.13763791198449,0.997598640526956,Q1
OA5_S4.31,OA5,ProC,-1.08228859912146,0,Q1
OA5_S4.32,OA5,HomC,1.53763424136997,0,Q4
OA6_S0.1,OA6,RegC,0.993041008586789,0,Q4
OA6_S0.2,OA6,FC,6.48220120832702,0,Q4
OA6_S0.3,OA6,EC,1.23495302476782,0.331607996665833,Q4
OA6_S0.4,OA6,EC,0.035792826532128,0,middle
OA6_S0.5,OA6,RegC,0.10096497787116,0,middle
OA6_S0.6,OA6,EC,0.675902867428749,0.465786264943632,middle
OA6_S0.7,OA6,RegC,1.69179078839629,0,Q4
OA6_S0.9,OA6,EC,0.195002494066857,0,middle
OA6_S0.10,OA6,EC,0.0912620089199216,0.643291911521669,middle
OA6_S0.11,OA6,EC,1.01045017206514,0.681660920557512,Q4
OA6_S0.12,OA6,EC,-0.215839000308054,1.35462182311978,middle
OA6_S0.13,OA6,HTC,-0.0533748769138083,1.12381903046416,middle
OA6_S0.14,OA6,EC,2.1136754431215,0,Q4
OA6_S0.15,OA6,EC,2.96488190353315,0,Q4
OA6_S0.16,OA6,preHTC,1.46189902650504,0,Q4
OA6_S0.17,OA6,EC,1.62404587821769,0,Q4
OA6_S0.18,OA6,RegC,2.12159496618115,0,Q4
OA6_S0.19,OA6,EC,0.745463433957694,0.0291726613014566,Q4
OA6_S0.20,OA6,RegC,2.38425553183957,0.760600752533485,Q4
OA6_S0.21,OA6,EC,0.842615244351178,0,Q4
OA6_S0.22,OA6,EC,2.45277904319351,0.0288597831133887,Q4
OA6_S0.24,OA6,HomC,-0.049514499710363,0,middle
OA6_S0.25,OA6,RegC,2.34112605345591,0.585285070602004,Q4
OA6_S0.26,OA6,HomC,0.227647744437655,0.731510631816387,middle
OA6_S0.27,OA6,RegC,2.49822810162581,0,Q4
OA6_S0.28,OA6,RegC,0.947214591812879,0,Q4
OA6_S0.29,OA6,EC,-0.315921216663365,0.829504410869061,middle
OA6_S0.30,OA6,EC,-0.915356835920256,0.0139664148797051,Q1
OA6_S0.31,OA6,EC,0.968626458099543,0,Q4
OA6_S0.32,OA6,EC,-0.103060906757701,0.0088859537987284,middle
OA6_S1.1,OA6,EC,-0.50831716036187,0.936193212055558,middle
OA6_S1.2,OA6,ProC,-0.903842947985662,0,Q1
OA6_S1.3,OA6,RegC,1.77597979226389,0.393560670845487,Q4
OA6_S1.4,OA6,EC,-0.451616321324623,0,middle
OA6_S1.5,OA6,HomC,-0.590893477291698,0,middle
OA6_S1.6,OA6,RegC,0.465441679508038,0,middle
OA6_S1.7,OA6,HTC,-0.863634870524612,0.574129719063965,Q1
OA6_S1.8,OA6,RegC,1.64415179996403,0.0714932077219327,Q4
OA6_S1.9,OA6,EC,-0.560935122660938,0,middle
OA6_S1.10,OA6,HTC,-0.831456094762786,0,Q1
OA6_S1.11,OA6,HTC,-0.590554630847475,0,middle
OA6_S1.12,OA6,EC,-0.0127380875235951,0.0494587271339842,middle
OA6_S1.13,OA6,EC,0.479768499033412,0.0390395539128185,middle
OA6_S1.14,OA6,EC,-0.416042920739253,0.185659513557909,middle
OA6_S1.15,OA6,EC,-0.968044698292833,0.0337607595653013,Q1
OA6_S1.16,OA6,EC,-0.496557084132904,0.843036754347319,middle
OA6_S1.17,OA6,EC,-0.757851802972346,0,Q1
OA6_S1.19,OA6,EC,0.0581794740970421,0,middle
OA6_S1.20,OA6,EC,-0.210602892983387,0,middle
OA6_S1.21,OA6,ProC,1.17773464380808,0,Q4
OA6_S1.22,OA6,ProC,-1.20625095661734,0.316375366843303,Q1
OA6_S1.23,OA6,HomC,-1.20424001247979,0,Q1
OA6_S1.24,OA6,EC,-0.484803128815627,0,middle
OA6_S1.25,OA6,HomC,-0.0368346097178185,0,middle
OA6_S1.26,OA6,EC,-0.727378818846524,0,Q1
OA6_S1.27,OA6,EC,0.173447835061005,0,middle
OA6_S1.28,OA6,EC,-0.27889086211638,0,middle
OA6_S1.29,OA6,HomC,-0.818434357271296,0,Q1
OA6_S1.30,OA6,EC,-0.373266531539303,0,middle
OA6_S1.31,OA6,HomC,-0.832382949923793,0,Q1
OA6_S1.32,OA6,EC,0.0957193320608211,0,middle
OA6_S2.1,OA6,ProC,-0.696698630458684,0.0212174883863994,Q1
OA6_S2.2,OA6,EC,-0.642428031640583,0.910433777442993,middle
OA6_S2.3,OA6,ProC,0.0150533739040297,0.0597596931674428,middle
OA6_S2.4,OA6,EC,0.18140077381306,0,middle
OA6_S2.5,OA6,EC,-0.543859179304733,0.3097670004939,middle
OA6_S2.6,OA6,ProC,0.534225878997066,0,middle
OA6_S2.7,OA6,EC,-0.534522853499632,0.990976962600159,middle
OA6_S2.8,OA6,ProC,0.899561008144336,0,Q4
OA6_S2.9,OA6,ProC,-0.502427487732483,0.795107652865799,middle
OA6_S2.10,OA6,ProC,-0.406437099529051,0.532501316934842,middle
OA6_S2.11,OA6,ProC,0.872062597838266,0,Q4
OA6_S2.12,OA6,EC,-0.366645042465732,0,middle
OA6_S2.15,OA6,ProC,-0.373108809021304,0.52126939633683,middle
OA6_S2.16,OA6,preHTC,0.948527052352608,0.541013415746618,Q4
OA6_S2.17,OA6,preHTC,0.00277977547257891,0,middle
OA6_S2.18,OA6,preHTC,-0.250545289819658,0.318205382547426,middle
OA6_S2.20,OA6,ProC,-0.768563226456493,0.468199458995057,Q1
OA6_S2.21,OA6,EC,-0.466499766654122,0,middle
OA6_S2.22,OA6,preHTC,1.15534116769959,0,Q4
OA6_S2.23,OA6,EC,-0.906775506404109,0.0336521360497203,Q1
OA6_S2.24,OA6,preHTC,-0.0542463346599719,0.393363339121481,middle
OA6_S2.25,OA6,ProC,1.4194605269701,0.670213163930932,Q4
OA6_S2.26,OA6,ProC,0.599383408792475,0,middle
OA6_S2.27,OA6,ProC,-0.276951023596935,0,middle
OA6_S2.28,OA6,EC,-0.828548308750131,0.174710351135924,Q1
OA6_S2.29,OA6,EC,-0.535883544980724,0,middle
OA6_S2.30,OA6,ProC,0.224825632245906,0.422647177372055,middle
OA6_S2.31,OA6,ProC,-0.524468838239758,0.649308170530695,middle
OA6_S2.32,OA6,ProC,-1.00388357314831,0,Q1
OA6_S3.1,OA6,preHTC,-0.207667662611769,0.619372831804423,middle
OA6_S3.2,OA6,ProC,-1.68966052313295,0.0167438264922665,Q1
OA6_S3.3,OA6,preHTC,-1.10186025265552,0.0381382116615356,Q1
OA6_S3.4,OA6,preHTC,-0.037251912369882,0,middle
OA6_S3.5,OA6,preHTC,-1.13963492919477,0.0715172490513673,Q1
OA6_S3.6,OA6,preHTC,-1.14140283756731,0,Q1
OA6_S3.7,OA6,preHTC,-0.679263291415012,0.163152498183606,middle
OA6_S3.8,OA6,ProC,-0.665474213718133,0.610019506669432,middle
OA6_S3.9,OA6,preHTC,-0.253588322746762,0.252622827752728,middle
OA6_S3.10,OA6,preHTC,-0.199273905021941,0.112761399434798,middle
OA6_S3.11,OA6,preHTC,0.205078424766901,0.195793277967092,middle
OA6_S3.12,OA6,preHTC,-0.840536866977657,0.683492547281237,Q1
OA6_S3.13,OA6,HomC,1.01194159824534,0.0513963959924276,Q4
OA6_S3.14,OA6,preHTC,-0.479665295999686,0,middle
OA6_S3.15,OA6,ProC,-0.645738555913302,0,middle
OA6_S3.16,OA6,preHTC,-0.437209336240363,0.733269317215461,middle
OA6_S3.17,OA6,ProC,-1.93366683289763,0.390597606016539,Q1
OA6_S3.18,OA6,preHTC,0.517307350234257,0,middle
OA6_S3.19,OA6,preHTC,-0.403417049279242,0.734133147606196,middle
OA6_S3.20,OA6,preHTC,-0.416788283205181,0.0450161520145211,middle
OA6_S3.21,OA6,ProC,-0.215341096436365,0,middle
OA6_S3.22,OA6,preHTC,-0.27919651567856,0.0436839366422684,middle
OA6_S3.24,OA6,ProC,-1.48225371769961,0,Q1
OA6_S3.25,OA6,ProC,-0.684752200216396,0.512707463006916,Q1
OA6_S3.26,OA6,ProC,-1.23652062959494,0,Q1
OA6_S3.27,OA6,preHTC,-0.870138054225189,0.471775002197349,Q1
OA6_S3.28,OA6,preHTC,-0.99204103187033,0,Q1
OA6_S3.29,OA6,preHTC,-0.883578209300271,0.569513507777782,Q1
OA6_S3.30,OA6,ProC,-1.32299318040358,0,Q1
OA6_S3.31,OA6,preHTC,0.049476041529657,0,middle
OA6_S3.32,OA6,preHTC,-1.15009377881065,0.235606545118693,Q1
OA6_S4.1,OA6,preHTC,0.118846462384866,0.609339112015973,middle
OA6_S4.2,OA6,preHTC,0.921339285044374,0,Q4
OA6_S4.3,OA6,preHTC,-1.46304196943305,0.320366566759164,Q1
OA6_S4.4,OA6,preHTC,-0.891339912560017,0.467266728218169,Q1
OA6_S4.5,OA6,preHTC,1.47337045390955,0,Q4
OA6_S4.6,OA6,preHTC,0.485088057170478,0.0939336990080142,middle
OA6_S4.7,OA6,preHTC,3.09951152291321,0.412620901168998,Q4
OA6_S4.8,OA6,preHTC,0.580901332874813,0.0388457182248798,middle
OA6_S4.9,OA6,preHTC,1.59127498110069,0,Q4
OA6_S4.10,OA6,preHTC,0.281145253726595,0.181201417042421,middle
OA6_S4.11,OA6,preHTC,-0.197883856939924,0,middle
OA6_S4.12,OA6,preHTC,0.732098821467885,0,Q4
OA6_S4.13,OA6,preHTC,0.714491136986664,0.87601778791709,middle
OA6_S4.14,OA6,preHTC,1.04510146572154,0,Q4
OA6_S4.15,OA6,preHTC,0.716997992967495,0,middle
OA6_S4.16,OA6,preHTC,0.778952538875476,0.459695737561616,Q4
OA6_S4.17,OA6,preHTC,-0.122956660576712,0,middle
OA6_S4.18,OA6,HomC,0.863473960469618,0.958785650377664,Q4
OA6_S4.19,OA6,preHTC,-1.21676470869037,0.142520802051883,Q1
OA6_S4.20,OA6,ProC,-1.56697124540633,0.850391441157035,Q1
OA6_S4.21,OA6,preHTC,-1.16841320437081,0.140738228899612,Q1
OA6_S4.22,OA6,preHTC,0.204634675024125,0.9114146392161,middle
OA6_S4.23,OA6,ProC,-0.781475318036692,0,Q1
OA6_S4.24,OA6,preHTC,-0.782043964758027,0.155645420117262,Q1
OA6_S4.25,OA6,preHTC,0.478662877688464,0.196780033068046,middle
OA6_S4.26,OA6,preHTC,0.946763625792234,0.40416878508383,Q4
OA6_S4.27,OA6,preHTC,0.65862961341374,0.53656765597147,middle
OA6_S4.28,OA6,preHTC,0.971458359927656,0.0177029298647249,Q4
OA6_S4.29,OA6,preHTC,0.58240040753439,0.736018300464606,middle
OA6_S4.30,OA6,ProC,-1.02633252823546,0.707350626783268,Q1
OA6_S4.31,OA6,preHTC,1.72153591587808,0,Q4
OA6_S4.32,OA6,preHTC,0.792808105137346,0.0360799906968405,Q4
OA7_S0.1,OA7,EC,-1.81574341861055,0.0348063381068646,Q1
OA7_S0.2,OA7,RegC,1.02889168689933,0.239239273503774,Q4
OA7_S0.3,OA7,RegC,0.620878350229835,0,middle
OA7_S0.4,OA7,ProC,-0.710156050358049,0.20093906856981,middle
OA7_S0.6,OA7,HomC,-0.348246115494766,0,middle
OA7_S0.7,OA7,EC,-1.72385955108907,0.0686337984221472,Q1
OA7_S0.8,OA7,ProC,-1.30260595901706,0,Q1
OA7_S0.9,OA7,EC,-0.837442459588333,0,middle
OA7_S0.10,OA7,RegC,0.226198308243089,0.76384540839348,middle
OA7_S0.11,OA7,EC,-0.497585647941772,0.148863813432465,middle
OA7_S0.12,OA7,RegC,-0.593520472632947,0.341434840941895,middle
OA7_S0.13,OA7,HomC,-1.86547202897388,1.19270416040766,Q1
OA7_S0.14,OA7,ProC,-0.907269118391074,0,middle
OA7_S0.15,OA7,RegC,-0.170850875211826,0.344613523277689,middle
OA7_S0.16,OA7,RegC,1.93095205687891,1.22612755204564,Q4
OA7_S0.17,OA7,ProC,-1.04195257183471,0.568301347540515,Q1
OA7_S0.18,OA7,EC,-1.01837086087049,0.402203584303462,Q1
OA7_S0.19,OA7,RegC,0.1246315683283,1.75194033613356,middle
OA7_S0.20,OA7,EC,-0.207634930509556,0,middle
OA7_S0.21,OA7,EC,-1.99199004399595,0.156376471049667,Q1
OA7_S0.22,OA7,ProC,-1.14927272427346,0.0473031118894404,Q1
OA7_S0.24,OA7,RegC,-0.415530427062341,0,middle
OA7_S0.25,OA7,EC,-1.76658652269852,0,Q1
OA7_S0.26,OA7,RegC,-0.456808934968586,0,middle
OA7_S0.27,OA7,EC,0.882316930160852,0.254105333380288,Q4
OA7_S0.28,OA7,HomC,-1.71545653766815,0.225830657108228,Q1
OA7_S0.29,OA7,ProC,-0.0567284499549545,0.904433765821387,middle
OA7_S0.30,OA7,RegC,0.685022989978474,0,middle
OA7_S0.31,OA7,EC,1.24949688061077,0,Q4
OA7_S0.32,OA7,EC,-1.19425366437946,0.775578936939153,Q1
OA7_S1.1,OA7,EC,-1.51859212219132,0,Q1
OA7_S1.3,OA7,EC,1.13547965209411,0,Q4
OA7_S1.4,OA7,HTC,1.01582263514632,0,Q4
OA7_S1.5,OA7,HomC,-1.47675123056272,0.0899960292963824,Q1
OA7_S1.6,OA7,EC,-0.401362946427492,0.0339411380806103,middle
OA7_S1.7,OA7,RegC,-1.48085598675712,0.147107597208565,Q1
OA7_S1.8,OA7,preHTC,-1.37594565645683,0.323939350913002,Q1
OA7_S1.9,OA7,EC,-1.73348245981025,0.40182628822207,Q1
OA7_S1.10,OA7,ProC,-1.92762002422408,0.269422847178258,Q1
OA7_S1.11,OA7,EC,-1.09080929639957,0.733664398232376,Q1
OA7_S1.13,OA7,EC,-1.81616051789325,0.559958860727398,Q1
OA7_S1.14,OA7,RegC,-1.29801828124197,0.363661293631849,Q1
OA7_S1.15,OA7,EC,-1.34748019520733,0,Q1
OA7_S1.16,OA7,HTC,-1.76549139899815,0,Q1
OA7_S1.17,OA7,HTC,-1.01686355173906,0,Q1
OA7_S1.18,OA7,EC,3.88420549432448,0,Q4
OA7_S1.19,OA7,EC,2.14431943676618,0,Q4
OA7_S1.20,OA7,EC,-0.107604101561134,0,middle
OA7_S1.21,OA7,HomC,-1.87160464614744,0,Q1
OA7_S1.22,OA7,ProC,-1.84478757096292,0.495314283031434,Q1
OA7_S1.23,OA7,EC,-1.40616457444067,0.162850931363748,Q1
OA7_S1.24,OA7,EC,-0.472668771470242,0,middle
OA7_S1.25,OA7,EC,-1.46695525570285,0,Q1
OA7_S1.26,OA7,EC,-1.68954888375087,1.04715137949756,Q1
OA7_S1.27,OA7,EC,-2.16860560808412,0.436609652701886,Q1
OA7_S1.28,OA7,EC,1.72234499165027,0,Q4
OA7_S1.29,OA7,EC,-1.12898546234927,0,Q1
OA7_S1.30,OA7,ProC,-1.42974581874215,1.18210611559155,Q1
OA7_S1.31,OA7,RegC,-1.30086953289319,0.821797602032971,Q1
OA7_S1.32,OA7,HomC,-1.43768849144222,0,Q1
OA7_S2.1,OA7,preHTC,-0.347648249404322,0.778559517475035,middle
OA7_S2.2,OA7,HomC,-0.961001978815548,0,Q1
OA7_S2.3,OA7,ProC,-0.313785503079337,0.909672096160444,middle
OA7_S2.4,OA7,RegC,-0.127926925823806,0,middle
OA7_S2.5,OA7,ProC,-0.0449453423361206,0.608429493164212,middle
OA7_S2.7,OA7,RegC,0.43030525100791,1.14806502200077,middle
OA7_S2.8,OA7,RegC,-0.233143874942104,0.283701637369076,middle
OA7_S2.9,OA7,preHTC,0.793030764267294,0,Q4
OA7_S2.10,OA7,preHTC,-0.464656260244898,0,middle
OA7_S2.11,OA7,preHTC,-0.497266064721574,0.0259394366417832,middle
OA7_S2.12,OA7,RegC,0.13632245222386,0.778914809924056,middle
OA7_S2.13,OA7,preHTC,-0.565837759812927,1.20140305397955,middle
OA7_S2.14,OA7,preHTC,-0.105526034210702,0,middle
OA7_S2.16,OA7,preHTC,0.0344322019874336,0,middle
OA7_S2.17,OA7,ProC,-0.324872168199736,0.420739367750695,middle
OA7_S2.18,OA7,preHTC,-0.122819760888825,0.0403968037593898,middle
OA7_S2.19,OA7,preHTC,-0.866757338585974,0.0245894478776151,middle
OA7_S2.20,OA7,HomC,0.108051210540479,0.0177833046500003,middle
OA7_S2.21,OA7,preHTC,-0.544361339640469,0.590382105291867,middle
OA7_S2.22,OA7,ProC,-0.853540381298236,0.0273627982949197,middle
OA7_S2.23,OA7,preHTC,-0.212765779064571,0,middle
OA7_S2.24,OA7,preHTC,0.0464294377762898,0.45226136212071,middle
OA7_S2.25,OA7,preHTC,0.766308970811736,0,Q4
OA7_S2.26,OA7,RegC,0.358466610163843,0,middle
OA7_S2.27,OA7,HomC,0.136528008856836,0.383496977662088,middle
OA7_S2.28,OA7,preHTC,0.473367346920259,0.665970810721355,middle
OA7_S2.29,OA7,preHTC,1.85906457364307,0.191902005084502,Q4
OA7_S2.30,OA7,preHTC,-0.192111364753681,0.636675032071591,middle
OA7_S2.31,OA7,preHTC,-0.670695123347742,0.251944584122107,middle
OA7_S2.32,OA7,ProC,-0.0569909967051657,0,middle
OA7_S3.1,OA7,preHTC,-0.639406507334729,0.601002412940814,middle
OA7_S3.2,OA7,EC,-0.248202087029962,0.790091647312905,middle
OA7_S3.3,OA7,preHTC,0.760823284090185,0.837876725070037,Q4
OA7_S3.4,OA7,preHTC,-0.507729763141958,0.511644523788691,middle
OA7_S3.5,OA7,preHTC,0.191889867854219,0.4261796279512,middle
OA7_S3.6,OA7,preHTC,-0.959367162913877,0.0292445007896332,Q1
OA7_S3.7,OA7,preHTC,-1.00656070608036,0.545255864019072,Q1
OA7_S3.8,OA7,preHTC,0.19750608314604,0.81495113035912,middle
OA7_S3.9,OA7,preHTC,-0.28446697947039,0.537282523491329,middle
OA7_S3.10,OA7,preHTC,-0.18760862294949,0.8478397656902,middle
OA7_S3.11,OA7,preHTC,0.601717575810454,0.0225083157588331,middle
OA7_S3.12,OA7,preHTC,-0.516882603927568,0.0328694782416683,middle
OA7_S3.13,OA7,preHTC,1.09812966565873,0,Q4
OA7_S3.14,OA7,preHTC,-0.938583683467262,0.0541701948409475,Q1
OA7_S3.15,OA7,ProC,-0.379940410187222,0.0269871654542494,middle
OA7_S3.16,OA7,ProC,-0.323281884336047,0,middle
OA7_S3.17,OA7,preHTC,0.458521120935446,0.733320445873651,middle
OA7_S3.18,OA7,ProC,0.260163086438103,0,middle
OA7_S3.19,OA7,preHTC,0.995823883139243,0.973591846806409,Q4
OA7_S3.20,OA7,preHTC,-0.587792399976603,0.696325598147821,middle
OA7_S3.21,OA7,preHTC,-0.249674889670477,0.457896301976027,middle
OA7_S3.22,OA7,ProC,-0.50476096845176,0.67514726000373,middle
OA7_S3.24,OA7,preHTC,-0.593882903659705,0,middle
OA7_S3.25,OA7,ProC,-0.147680802595041,0,middle
OA7_S3.26,OA7,preHTC,0.177430296067167,0.317885732841436,middle
OA7_S3.27,OA7,ProC,-0.0758302714873882,1.5983800498139,middle
OA7_S3.28,OA7,preHTC,-0.896997901057393,1.36030760648147,middle
OA7_S3.29,OA7,preHTC,-0.72632416556845,0.571278825780692,middle
OA7_S3.30,OA7,preHTC,-0.462618742746051,0.79693369926198,middle
OA7_S3.31,OA7,ProC,-0.854384911430553,0.8030034488153,middle
OA7_S3.32,OA7,ProC,0.00803037686091158,1.15564279777877,middle
OA7_S4.2,OA7,HTC,0.114701529008726,0.214919551494355,middle
OA7_S4.3,OA7,HTC,0.599424776264155,0,middle
OA7_S4.4,OA7,HTC,2.92425441402937,0,Q4
OA7_S4.5,OA7,FC,2.21392591816355,0,Q4
OA7_S4.6,OA7,HTC,3.37301328844142,0.30517069182835,Q4
OA7_S4.7,OA7,HTC,1.50731679867194,0,Q4
OA7_S4.8,OA7,HTC,2.76770731842214,0,Q4
OA7_S4.9,OA7,FC,2.37587678320161,0,Q4
OA7_S4.10,OA7,HTC,3.93103779725554,0.803026123380486,Q4
OA7_S4.11,OA7,HTC,2.22126665744092,0.317827701892466,Q4
OA7_S4.12,OA7,HTC,1.82805056624764,0,Q4
OA7_S4.13,OA7,HTC,-0.552939942212999,0,middle
OA7_S4.14,OA7,HTC,3.74013791967134,0,Q4
OA7_S4.15,OA7,HTC,2.30506680052446,0,Q4
OA7_S4.16,OA7,HTC,1.58230553778054,0.482734101035349,Q4
OA7_S4.17,OA7,HTC,-0.273309631904038,0.211874971769456,middle
OA7_S4.18,OA7,HTC,-0.140019975490541,0,middle
OA7_S4.19,OA7,HTC,-1.24330873311956,0,Q1
OA7_S4.20,OA7,HTC,1.73008167371201,0.573148471352088,Q4
OA7_S4.21,OA7,HTC,2.85513302310605,0.467169266043869,Q4
OA7_S4.22,OA7,HTC,0.175417737946507,0,middle
OA7_S4.23,OA7,HTC,2.6220250598551,0.368754328554606,Q4
OA7_S4.24,OA7,HTC,2.1808786414323,0,Q4
OA7_S4.25,OA7,HTC,1.44889240209914,0.181138266403191,Q4
OA7_S4.26,OA7,FC,2.16522221280321,0,Q4
OA7_S4.27,OA7,HTC,3.32806075466772,0.316013919990727,Q4
OA7_S4.28,OA7,HTC,4.70970183442505,0,Q4
OA7_S4.29,OA7,HTC,-0.625409780299961,0,middle
OA7_S4.30,OA7,HTC,3.5904262833117,0,Q4
OA7_S4.31,OA7,HTC,1.00259346827804,0,Q4
OA7_S4.32,OA7,HTC,2.39948187145978,0,Q4
OA8_S0.1,OA8,HTC,-0.0474940394425055,0,middle
OA8_S0.2,OA8,EC,0.422271065008398,0.618046799497253,middle
OA8_S0.3,OA8,EC,0.4164713343554,0,middle
OA8_S0.4,OA8,HTC,-1.29797637849614,0,Q1
OA8_S0.7,OA8,EC,1.11774015792944,0,Q4
OA8_S0.9,OA8,EC,0.510989122487422,0,middle
OA8_S0.10,OA8,EC,-0.831364743330246,0,middle
OA8_S0.11,OA8,EC,1.79948397664025,0.380116695169517,Q4
OA8_S0.12,OA8,EC,-0.116988669502351,0.271761949715512,middle
OA8_S0.13,OA8,EC,-0.679779958946716,0,middle
OA8_S0.14,OA8,EC,-0.279535141615569,0,middle
OA8_S0.15,OA8,EC,0.932674577238134,0.318318561727797,Q4
OA8_S0.16,OA8,EC,-0.668687138593617,0,middle
OA8_S0.17,OA8,HTC,-0.650177222435811,0,middle
OA8_S0.18,OA8,EC,0.950583606417031,0,Q4
OA8_S0.19,OA8,EC,0.813871440429802,0.938515613828732,Q4
OA8_S0.21,OA8,EC,-0.893385930004524,0,middle
OA8_S0.22,OA8,EC,-0.0046583140913784,0.597914738434635,middle
OA8_S0.24,OA8,HomC,0.0435806272244226,1.23088979220561,middle
OA8_S0.25,OA8,EC,1.56692108733047,1.40510657453564,Q4
OA8_S0.26,OA8,EC,-0.510251749683847,0.742659189346136,middle
OA8_S0.27,OA8,EC,0.307118008619493,0,middle
OA8_S0.28,OA8,EC,-1.11026399397061,0.567343585624483,Q1
OA8_S0.29,OA8,RegC,-0.0857019400567511,0,middle
OA8_S0.30,OA8,EC,1.00292910297413,0.0221118803237106,Q4
OA8_S0.31,OA8,RegC,-0.968850991949432,0.784971812974771,middle
OA8_S0.32,OA8,EC,1.21357807232638,1.4754566468242,Q4
OA8_S1.1,OA8,HTC,1.45028078322319,1.1642416320393,Q4
OA8_S1.2,OA8,HTC,3.37223155367174,0,Q4
OA8_S1.3,OA8,HTC,-0.527969107717436,0.0245859412835739,middle
OA8_S1.4,OA8,HTC,1.01568017648794,0,Q4
OA8_S1.5,OA8,EC,0.844932422178867,1.0344051404886,Q4
OA8_S1.6,OA8,HTC,-0.316479845205697,0.10641259360863,middle
OA8_S1.9,OA8,HTC,-0.633459935288396,0.963365606650716,middle
OA8_S1.10,OA8,HTC,0.528602441533005,0.0328588927533057,middle
OA8_S1.11,OA8,HTC,0.53352729345655,0.891756647565942,middle
OA8_S1.12,OA8,HTC,-1.14850979001407,0,Q1
OA8_S1.13,OA8,HTC,-1.52662002633507,0,Q1
OA8_S1.14,OA8,HTC,-0.0275982974627306,0,middle
OA8_S1.15,OA8,RegC,2.482658023752,0,Q4
OA8_S1.16,OA8,HTC,0.697011331691429,0,Q4
OA8_S1.17,OA8,HTC,0.0391698379652694,0.0277611314306136,middle
OA8_S1.18,OA8,HTC,0.122739199827649,1.16079957145945,middle
OA8_S1.19,OA8,HTC,-0.303264641090421,0.0433296415000097,middle
OA8_S1.20,OA8,HTC,2.47769941193385,0.189341429402922,Q4
OA8_S1.21,OA8,HTC,0.825678217824529,0,Q4
OA8_S1.22,OA8,HTC,-1.09238563460505,0,Q1
OA8_S1.23,OA8,HTC,0.955814627581863,0,Q4
OA8_S1.24,OA8,HTC,1.08948445065078,0.551956962699522,Q4
OA8_S1.25,OA8,HTC,-0.767681664257543,0,middle
OA8_S1.26,OA8,HTC,2.05317417473882,0.0445257987397137,Q4
OA8_S1.28,OA8,HTC,-0.505432821049313,0,middle
OA8_S1.29,OA8,HTC,2.75030926650014,0.518840820547156,Q4
OA8_S1.30,OA8,HTC,-0.391545101848481,1.10303814694427,middle
OA8_S1.31,OA8,HTC,1.56515150475447,0,Q4
OA8_S1.32,OA8,HTC,0.928168181871342,0,Q4
OA8_S2.1,OA8,ProC,-0.938796047646029,0.062479718710393,middle
OA8_S2.2,OA8,ProC,-0.675095390167653,0.343784042614553,middle
OA8_S2.3,OA8,ProC,0.168053227617257,0,middle
OA8_S2.4,OA8,ProC,-0.660834389556748,0.0234968247375967,middle
OA8_S2.5,OA8,ProC,-0.18869335433226,0,middle
OA8_S2.6,OA8,ProC,-0.96321530792689,0.569317668964744,middle
OA8_S2.7,OA8,HomC,-1.3189635883316,0,Q1
OA8_S2.8,OA8,EC,-0.338693884471293,0,middle
OA8_S2.9,OA8,ProC,-1.09316222269972,0,Q1
OA8_S2.10,OA8,HomC,-1.32280555043634,0.0859358315142997,Q1
OA8_S2.11,OA8,ProC,-0.0370642928321528,0,middle
OA8_S2.13,OA8,ProC,-0.372383599870512,0.527549481515136,middle
OA8_S2.14,OA8,HomC,-0.520004148820792,0,middle
OA8_S2.15,OA8,ProC,-0.753065052993641,0,middle
OA8_S2.16,OA8,EC,-0.598783619991678,0.322094251774096,middle
OA8_S2.17,OA8,ProC,-0.815403364060648,0.0283684434470208,middle
OA8_S2.18,OA8,ProC,-1.03351730815157,0.142185717915177,middle
OA8_S2.19,OA8,EC,-0.864928768728277,0.480716415268992,middle
OA8_S2.20,OA8,ProC,-0.117336435582142,0.0196694119089044,middle
OA8_S2.21,OA8,ProC,-0.692918517657886,0.224381661375049,middle
OA8_S2.22,OA8,preHTC,-0.0625718424034465,0.353766525455188,middle
OA8_S2.23,OA8,ProC,-1.49868432278115,0,Q1
OA8_S2.24,OA8,ProC,-0.677663631332395,0.675918091897794,middle
OA8_S2.25,OA8,preHTC,0.360010309559393,1.12266778911061,middle
OA8_S2.26,OA8,ProC,-1.60303466757556,0,Q1
OA8_S2.27,OA8,ProC,-0.224704506516064,0.644762613638013,middle
OA8_S2.28,OA8,ProC,-1.34143259156293,0,Q1
OA8_S2.29,OA8,ProC,-1.47625551890437,0.94650984656989,Q1
OA8_S2.30,OA8,ProC,-0.576649561591741,0,middle
OA8_S2.31,OA8,ProC,-1.12157388545624,0,Q1
OA8_S2.32,OA8,HomC,-1.09252875315737,0,Q1
OA8_S3.1,OA8,ProC,-0.985681382359075,0.402524285561141,middle
OA8_S3.2,OA8,ProC,-0.294330564564728,0.408610484503215,middle
OA8_S3.3,OA8,ProC,-1.86641439198906,0,Q1
OA8_S3.4,OA8,ProC,-1.4749383055977,0,Q1
OA8_S3.5,OA8,ProC,-1.1524230133094,0.0235868335231144,Q1
OA8_S3.6,OA8,ProC,-1.18210159136052,0.155924774275603,Q1
OA8_S3.7,OA8,ProC,-0.111331151660003,0.596534926982052,middle
OA8_S3.8,OA8,ProC,-1.48395301791235,1.22422970613439,Q1
OA8_S3.9,OA8,ProC,-0.914613498151021,0.175923578020118,middle
OA8_S3.10,OA8,ProC,-1.00180121801633,0,middle
OA8_S3.11,OA8,ProC,1.9967340306861,0.88215866957736,Q4
OA8_S3.12,OA8,ProC,-0.823077924365941,0,middle
OA8_S3.13,OA8,ProC,-1.4293115282699,0.49005585422691,Q1
OA8_S3.14,OA8,preHTC,0.51991425974506,0.439786247807017,middle
OA8_S3.15,OA8,ProC,-1.6925762241192,0.123046805973213,Q1
OA8_S3.16,OA8,preHTC,-0.438577914481691,0.34245760336832,middle
OA8_S3.17,OA8,ProC,-1.56961459882532,0.468247833737046,Q1
OA8_S3.18,OA8,ProC,-1.26313346404696,0.309462808977027,Q1
OA8_S3.19,OA8,preHTC,-1.05754499402421,1.19320949244555,Q1
OA8_S3.20,OA8,ProC,-1.54074499929818,0.0331835816340246,Q1
OA8_S3.22,OA8,EC,2.05689779058992,0.783405003807584,Q4
OA8_S3.23,OA8,ProC,-0.130889729899404,0.393479622963665,middle
OA8_S3.24,OA8,ProC,0.714197819259284,0.329220886171453,Q4
OA8_S3.25,OA8,ProC,-0.0252505205633409,0.588210437592941,middle
OA8_S3.26,OA8,ProC,-0.946746009139007,1.22893645698145,middle
OA8_S3.27,OA8,ProC,-1.04864270254619,0.374803567399168,Q1
OA8_S3.28,OA8,ProC,-1.24674924101739,0,Q1
OA8_S3.29,OA8,ProC,-1.46692947560166,0.0236541784635221,Q1
OA8_S3.30,OA8,ProC,-1.66422048424464,0.235885529227643,Q1
OA8_S3.31,OA8,EC,-0.68799348721366,0.790079771859247,middle
OA8_S3.32,OA8,ProC,-1.20293005081475,0.848682764737246,Q1
OA8_S4.1,OA8,HTC,0.234649461166252,0.357101814286492,middle
OA8_S4.2,OA8,HTC,-1.54982049968679,0,Q1
OA8_S4.3,OA8,HTC,0.406343691848645,1.06785585900674,middle
OA8_S4.4,OA8,HTC,0.841730140979214,0,Q4
OA8_S4.5,OA8,HTC,0.494857312065908,0.386471169689393,middle
OA8_S4.6,OA8,HTC,-0.99597867839383,0,middle
OA8_S4.7,OA8,HTC,-1.93237283176093,1.01959436621147,Q1
OA8_S4.8,OA8,HTC,1.91084882287566,0.884009135364525,Q4
OA8_S4.9,OA8,HTC,-0.770360112963496,0.598109732105956,middle
OA8_S4.10,OA8,HTC,-0.288743833306719,0,middle
OA8_S4.11,OA8,HTC,0.350937232470957,0,middle
OA8_S4.14,OA8,HTC,1.53507177394715,0,Q4
OA8_S4.15,OA8,HTC,0.695271657296707,1.41451755922991,Q4
OA8_S4.16,OA8,HTC,2.54646461354485,0,Q4
OA8_S4.17,OA8,HTC,1.42575143828623,0,Q4
OA8_S4.18,OA8,HTC,0.715639707829808,0.628350805735419,Q4
OA8_S4.19,OA8,HTC,-1.17544143878688,0.154092963392845,Q1
OA8_S4.20,OA8,HTC,1.57387390245602,0,Q4
OA8_S4.21,OA8,HTC,-0.639039609552637,0.164595780866534,middle
OA8_S4.22,OA8,HTC,-0.990566829491784,0,middle
OA8_S4.23,OA8,HTC,1.87732708654793,0,Q4
OA8_S4.24,OA8,HTC,-1.72378697099547,0,Q1
OA8_S4.25,OA8,HTC,2.33834106531477,1.01497766647231,Q4
OA8_S4.26,OA8,HTC,0.0195552589788182,0,middle
OA8_S4.28,OA8,HTC,0.189374426701551,0.0244778506076877,middle
OA8_S4.29,OA8,HTC,-1.68149339702284,0.90656861991978,Q1
OA8_S4.30,OA8,HTC,1.49182984185111,0.735852825444771,Q4
OA8_S4.31,OA8,HTC,1.00816100005355,0.444838258972353,Q4
OA8_S4.32,OA8,HTC,-1.87008268610268,0,Q1
OA9_S0.1,OA9,HomC,-0.798091037264266,0,Q1
OA9_S0.2,OA9,EC,-1.13096666244975,0.563263596556426,Q1
OA9_S0.3,OA9,EC,-0.318687894470425,0.932421531204721,middle
OA9_S0.4,OA9,RegC,-0.710937921777382,0.530432736575468,middle
OA9_S0.5,OA9,RegC,-0.953101819816612,0.0694115888286854,Q1
OA9_S0.6,OA9,RegC,-0.764538307158532,0.890293852890654,Q1
OA9_S0.7,OA9,RegC,1.14467287072944,0,Q4
OA9_S0.8,OA9,RegC,0.616269810678546,0,middle
OA9_S0.9,OA9,EC,-0.681334975443367,0.36541566123169,middle
OA9_S0.10,OA9,RegC,0.451542551274564,0,middle
OA9_S0.11,OA9,RegC,0.292212672266213,0.327697182698412,middle
OA9_S0.12,OA9,RegC,-0.604640114851596,0.0214338776036548,middle
OA9_S0.13,OA9,HomC,0.0556104910685741,0,middle
OA9_S0.14,OA9,ProC,-1.08608014292488,0,Q1
OA9_S0.15,OA9,HTC,0.148586736134752,1.18693813234815,middle
OA9_S0.16,OA9,RegC,-0.602023101682005,0,middle
OA9_S0.17,OA9,RegC,-1.47938634352017,0.0541588969569081,Q1
OA9_S0.18,OA9,RegC,-1.56565508778087,0.532035146525955,Q1
OA9_S0.19,OA9,RegC,0.128116800190497,0.360616503102054,middle
OA9_S0.20,OA9,RegC,1.1293751372842,0,Q4
OA9_S0.21,OA9,EC,-0.40947982671246,0,middle
OA9_S0.22,OA9,RegC,0.749626643063694,0,Q4
OA9_S0.23,OA9,RegC,-0.542333332370349,0.549035679892158,middle
OA9_S0.24,OA9,HomC,-0.726590751803153,0,Q1
OA9_S0.25,OA9,EC,-0.736896101799191,0,Q1
OA9_S0.26,OA9,RegC,0.200032158011226,0.247153455723335,middle
OA9_S0.27,OA9,RegC,2.09427274580432,0,Q4
OA9_S0.28,OA9,RegC,0.299878778380749,0.356616560740865,middle
OA9_S0.29,OA9,RegC,0.838961056612087,0.747733785077962,Q4
OA9_S0.30,OA9,HomC,-1.35548651806415,0,Q1
OA9_S0.31,OA9,RegC,0.161410555332073,0.927047912854628,middle
OA9_S0.32,OA9,EC,-0.112437402870066,0,middle
OA9_S1.1,OA9,HomC,0.777303124134422,1.22161937211458,Q4
OA9_S1.2,OA9,EC,-0.0725521504080358,0.729515464061211,middle
OA9_S1.3,OA9,EC,-1.88781245056836,0,Q1
OA9_S1.4,OA9,RegC,-0.536891649666114,0,middle
OA9_S1.5,OA9,HomC,-0.550691827993642,0.0518963564433385,middle
OA9_S1.6,OA9,ProC,-1.17044175485389,0.943745307131669,Q1
OA9_S1.7,OA9,FC,4.23079678881477,0,Q4
OA9_S1.8,OA9,EC,-1.25410197415886,1.08681040621497,Q1
OA9_S1.9,OA9,RegC,1.76027273205015,0,Q4
OA9_S1.10,OA9,RegC,3.14450372425108,0,Q4
OA9_S1.11,OA9,RegC,-1.33970188237128,0.673619133437374,Q1
OA9_S1.12,OA9,RegC,1.303082405025,0,Q4
OA9_S1.13,OA9,HomC,3.33890466273994,0,Q4
OA9_S1.15,OA9,RegC,-0.514959722785182,0.866807198102983,middle
OA9_S1.16,OA9,HomC,-0.484709922658009,0.812520150619675,middle
OA9_S1.17,OA9,RegC,0.0206773902596649,0,middle
OA9_S1.18,OA9,RegC,-0.407143011122992,0,middle
OA9_S1.19,OA9,RegC,-0.587239603443704,0,middle
OA9_S1.20,OA9,HTC,0.567585823649885,0.0400946894382373,middle
OA9_S1.21,OA9,RegC,-0.869756423565091,0.4629848422413,Q1
OA9_S1.22,OA9,HomC,2.56804302163871,1.26933919563286,Q4
OA9_S1.23,OA9,RegC,3.57453104025629,0.468678072069984,Q4
OA9_S1.24,OA9,EC,-0.924085338410502,0,Q1
OA9_S1.25,OA9,HTC,1.15703818310633,0,Q4
OA9_S1.26,OA9,RegC,-0.19334306634337,0,middle
OA9_S1.27,OA9,EC,-0.546546331561364,0.144188723636103,middle
OA9_S1.28,OA9,RegC,2.28520206221267,0,Q4
OA9_S1.29,OA9,RegC,-0.131591913831737,0,middle
OA9_S1.30,OA9,HomC,0.45318734003076,0,middle
OA9_S1.31,OA9,HomC,-0.676227315854063,0,middle
OA9_S1.32,OA9,FC,4.83279251032471,0.522206778931784,Q4
OA9_S2.1,OA9,preHTC,0.858714000750133,0,Q4
OA9_S2.2,OA9,preHTC,1.36069553478573,0.0183300676016829,Q4
OA9_S2.3,OA9,RegC,0.356365410015166,0,middle
OA9_S2.4,OA9,preHTC,0.694192319501909,0,Q4
OA9_S2.5,OA9,preHTC,1.49710704225595,1.22026349672565,Q4
OA9_S2.6,OA9,preHTC,0.720225307213394,0.0250883049817828,Q4
OA9_S2.7,OA9,ProC,0.499477384565494,0.148666325316827,middle
OA9_S2.8,OA9,preHTC,0.489754694592248,0.0344118791678918,middle
OA9_S2.9,OA9,ProC,0.1297162261129,0,middle
OA9_S2.10,OA9,EC,-0.856305282363953,0,Q1
OA9_S2.11,OA9,preHTC,-0.0931296724286673,0.37478438085191,middle
OA9_S2.12,OA9,ProC,0.834549949659655,0,Q4
OA9_S2.13,OA9,ProC,-0.316571230722926,0.033784714392084,middle
OA9_S2.14,OA9,preHTC,0.297862771487659,0,middle
OA9_S2.15,OA9,preHTC,1.26004149024679,0.0254346912957561,Q4
OA9_S2.16,OA9,preHTC,0.50704356771985,1.21609987646218,middle
OA9_S2.17,OA9,ProC,-0.768113869731072,0.442614867547383,Q1
OA9_S2.18,OA9,ProC,-0.022783177715609,0,middle
OA9_S2.19,OA9,ProC,1.11540587850131,0,Q4
OA9_S2.20,OA9,preHTC,1.56152873166635,0,Q4
OA9_S2.21,OA9,ProC,-0.647278928405173,0,middle
OA9_S2.22,OA9,preHTC,1.9394553774642,0.631444562460017,Q4
OA9_S2.23,OA9,preHTC,0.756591388588908,0.606369756925038,Q4
OA9_S2.24,OA9,RegC,2.00120150354515,0,Q4
OA9_S2.25,OA9,preHTC,0.668227436611711,0,Q4
OA9_S2.26,OA9,EC,-0.406327256416615,0,middle
OA9_S2.28,OA9,EC,-0.871679854182414,0.0276795205522887,Q1
OA9_S2.29,OA9,preHTC,0.79953390919691,0.173011119706137,Q4
OA9_S2.30,OA9,RegC,0.898381323484312,0,Q4
OA9_S2.31,OA9,preHTC,0.28469061691081,0,middle
OA9_S2.32,OA9,ProC,1.26819850255201,0,Q4
OA9_S3.1,OA9,ProC,-1.38515825438939,0.816869842119067,Q1
OA9_S3.2,OA9,ProC,0.123430534810398,0,middle
OA9_S3.3,OA9,ProC,-0.615625046464343,0.329832308284934,middle
OA9_S3.4,OA9,ProC,-0.159735487020007,0,middle
OA9_S3.5,OA9,ProC,-1.91100348948939,0,Q1
OA9_S3.6,OA9,ProC,-0.106526538350411,0,middle
OA9_S3.7,OA9,ProC,-0.128160419476503,0,middle
OA9_S3.8,OA9,ProC,0.344029906637062,0,middle
OA9_S3.9,OA9,ProC,-1.0681421385379,0,Q1
OA9_S3.10,OA9,EC,-1.7490242801149,1.40483561972292,Q1
OA9_S3.11,OA9,ProC,-0.00088787684848457,0.373633517890708,middle
OA9_S3.12,OA9,ProC,-0.783256295900447,0,Q1
OA9_S3.13,OA9,ProC,-1.42150075173065,0.305051719147409,Q1
OA9_S3.14,OA9,ProC,-0.939265302051276,1.29184035128785,Q1
OA9_S3.15,OA9,ProC,-0.956504948985629,0.876105683531623,Q1
OA9_S3.16,OA9,ProC,-0.662365483540243,0.161249011574113,middle
OA9_S3.17,OA9,ProC,-1.18432588261276,0,Q1
OA9_S3.18,OA9,ProC,-0.986194333324181,0.413375494062236,Q1
OA9_S3.19,OA9,ProC,-0.673021421735306,0.50456794285871,middle
OA9_S3.20,OA9,ProC,-0.620081606647795,0,middle
OA9_S3.21,OA9,ProC,-0.863066455364698,0,Q1
OA9_S3.22,OA9,ProC,-0.542801183178284,0.0408867638030782,middle
OA9_S3.24,OA9,ProC,-0.244896457863796,0.073500360091231,middle
OA9_S3.25,OA9,ProC,-0.772471728149512,0.849560934511817,Q1
OA9_S3.26,OA9,EC,-1.3940545437041,0.311189256178419,Q1
OA9_S3.27,OA9,ProC,-0.56030743421745,0.686861979077457,middle
OA9_S3.28,OA9,ProC,-0.407467514349995,0.95522709157418,middle
OA9_S3.29,OA9,ProC,-1.42003648986318,0.234188631798055,Q1
OA9_S3.30,OA9,ProC,-1.08700964612243,0.533277008641441,Q1
OA9_S3.31,OA9,ProC,-0.302188984229505,0,middle
OA9_S3.32,OA9,ProC,-1.76513264447166,0,Q1
OA9_S4.1,OA9,preHTC,-0.520557952276812,0,middle
OA9_S4.2,OA9,ProC,-0.0565470380953114,0.271310157441363,middle
OA9_S4.3,OA9,preHTC,-0.0105495256662459,0.971737015661101,middle
OA9_S4.5,OA9,preHTC,-0.252536012802718,0.494730734417529,middle
OA9_S4.6,OA9,preHTC,0.530260490203415,0.336286330509566,middle
OA9_S4.8,OA9,preHTC,1.01219489650001,0,Q4
OA9_S4.9,OA9,preHTC,-0.706957895713616,1.12632894303121,middle
OA9_S4.10,OA9,preHTC,-0.252761994782248,0.0304900737858416,middle
OA9_S4.11,OA9,preHTC,1.00145424762086,0.0285228394019562,Q4
OA9_S4.12,OA9,preHTC,-0.338689958061891,0.346957824520136,middle
OA9_S4.13,OA9,preHTC,0.368903333644234,0.725784109872968,middle
OA9_S4.14,OA9,preHTC,-0.131018335892999,0.774307992677779,middle
OA9_S4.15,OA9,preHTC,-0.160474873669012,0.522492257679109,middle
OA9_S4.16,OA9,ProC,-1.14083038806963,0.613008120980975,Q1
OA9_S4.17,OA9,preHTC,2.0709207618251,0.394960797055491,Q4
OA9_S4.18,OA9,ProC,-1.43150065021584,0.900864559260379,Q1
OA9_S4.19,OA9,preHTC,0.218329599831547,0,middle
OA9_S4.20,OA9,preHTC,1.67365265920663,0.0306606026222587,Q4
OA9_S4.21,OA9,ProC,-0.909114646710725,0.709220658821138,Q1
OA9_S4.22,OA9,preHTC,0.587508531950894,0.0370105596044133,middle
OA9_S4.23,OA9,preHTC,-0.246133006765581,0,middle
OA9_S4.25,OA9,preHTC,-0.438448206046376,0.415570881766285,middle
OA9_S4.26,OA9,preHTC,0.704246323050061,0.0672734992028977,Q4
OA9_S4.27,OA9,preHTC,-0.233935871189421,0.713124693125804,middle
OA9_S4.28,OA9,preHTC,0.441332158105489,0.421994410059375,middle
OA9_S4.29,OA9,preHTC,0.935561271264813,0.36418736482654,Q4
OA9_S4.30,OA9,preHTC,1.45006908718994,0.431259090992403,Q4
OA9_S4.31,OA9,preHTC,0.224242841392723,0.0216920246257047,middle
OA9_S4.32,OA9,preHTC,0.642999423267687,0.772802019469599,middle
OA10_S0.1,OA10,EC,0.810938302099036,0.630052667461235,Q4
OA10_S0.2,OA10,EC,2.90073860033006,0,Q4
OA10_S0.3,OA10,EC,2.80090028960016,0.430837068302962,Q4
OA10_S0.4,OA10,HomC,2.60245973886715,1.25284481976273,Q4
OA10_S0.6,OA10,EC,3.80950488523117,0,Q4
OA10_S0.7,OA10,HomC,3.52390986016445,0,Q4
OA10_S0.9,OA10,EC,1.98327610932308,0.528910723345742,Q4
OA10_S0.11,OA10,HomC,-0.104046424419757,1.10256787883068,middle
OA10_S0.12,OA10,HomC,2.47149789574423,0,Q4
OA10_S0.13,OA10,EC,2.49211312717839,0.29616466222237,Q4
OA10_S0.14,OA10,EC,-0.00774682328144749,0.730637645244816,middle
OA10_S0.17,OA10,EC,-1.64418700703245,0.488457466725854,Q1
OA10_S0.18,OA10,EC,1.00157484202309,0.0737253434901671,Q4
OA10_S0.19,OA10,HTC,2.81680158069951,0,Q4
OA10_S0.20,OA10,EC,-0.300138551066709,0,middle
OA10_S0.21,OA10,EC,3.32101312505846,0,Q4
OA10_S0.22,OA10,HomC,0.405079289402866,0.378587344383125,middle
OA10_S0.24,OA10,HomC,3.39541620713914,0,Q4
OA10_S0.25,OA10,EC,2.60680205299565,0.048903043821348,Q4
OA10_S0.26,OA10,EC,2.54616124260024,0.0430674142905669,Q4
OA10_S0.27,OA10,EC,-1.05504207123635,0.928541729089176,middle
OA10_S0.28,OA10,EC,0.85059156583196,0.719885242668533,Q4
OA10_S0.29,OA10,EC,0.123513828508297,0.386173492175306,middle
OA10_S0.30,OA10,EC,-0.237854952046503,0,middle
OA10_S0.31,OA10,RegC,0.499037446239675,0,middle
OA10_S0.32,OA10,EC,2.22803092667997,0,Q4
OA10_S1.1,OA10,EC,-1.77268910898283,0.866395094174806,Q1
OA10_S1.2,OA10,HomC,-0.719107252626507,0,middle
OA10_S1.3,OA10,EC,-0.904583595715075,0.635898148257643,middle
OA10_S1.4,OA10,EC,-0.657769512517663,0.262520357811628,middle
OA10_S1.6,OA10,RegC,0.408429263282862,0,middle
OA10_S1.8,OA10,EC,-0.712713271864865,0.73302340662524,middle
OA10_S1.9,OA10,HomC,-1.56111240346581,0.526846295322754,Q1
OA10_S1.10,OA10,ProC,0.704368610247527,0,Q4
OA10_S1.11,OA10,EC,-0.500976324805334,0.534094656599554,middle
OA10_S1.12,OA10,HomC,2.06748889492141,0,Q4
OA10_S1.14,OA10,EC,-0.669775556803341,0,middle
OA10_S1.15,OA10,HTC,2.57492383729034,0,Q4
OA10_S1.16,OA10,RegC,1.75233644160648,1.25364223522931,Q4
OA10_S1.17,OA10,RegC,0.22764917968495,1.34593566727815,middle
OA10_S1.18,OA10,preHTC,0.665520266958696,0.0280357347921447,Q4
OA10_S1.19,OA10,EC,-0.864149844937711,0.987621240194187,middle
OA10_S1.20,OA10,RegC,0.658991402712528,0,Q4
OA10_S1.21,OA10,EC,-0.52711885532137,0.324253809560571,middle
OA10_S1.22,OA10,EC,-1.02619991077352,0,middle
OA10_S1.23,OA10,preHTC,0.955394788136763,0.0320117471332007,Q4
OA10_S1.24,OA10,RegC,0.256270417009641,0,middle
OA10_S1.25,OA10,EC,-0.544836273300979,0,middle
OA10_S1.26,OA10,RegC,0.816969983448581,0,Q4
OA10_S1.27,OA10,preHTC,0.685380464112303,0.0578485112673159,Q4
OA10_S1.28,OA10,HomC,-0.471484523419162,1.33249337507591,middle
OA10_S1.29,OA10,EC,-0.865282093310519,1.04965898887451,middle
OA10_S1.30,OA10,ProC,0.379090740217893,0.532638646071277,middle
OA10_S1.31,OA10,EC,-0.917497935031234,0,middle
OA10_S1.32,OA10,EC,-0.713011160522121,0,middle
OA10_S2.1,OA10,EC,-1.73740703449625,1.03507406845042,Q1
OA10_S2.2,OA10,HomC,-1.50883045782904,0.812263014098253,Q1
OA10_S2.3,OA10,EC,-0.909468980313524,0,middle
OA10_S2.4,OA10,RegC,0.288112536429657,0,middle
OA10_S2.5,OA10,preHTC,-0.470266054626019,1.53317405953263,middle
OA10_S2.6,OA10,preHTC,1.22158292243188,0,Q4
OA10_S2.7,OA10,EC,-1.02206235482034,0,middle
OA10_S2.8,OA10,EC,-1.58992262147048,0.446452258485139,Q1
OA10_S2.9,OA10,EC,-1.5648526582838,0,Q1
OA10_S2.10,OA10,ProC,-0.160242550399121,0,middle
OA10_S2.11,OA10,EC,-1.85172155679543,0.232715006362912,Q1
OA10_S2.12,OA10,ProC,0.896658487554164,0,Q4
OA10_S2.13,OA10,EC,-0.221338794353025,0.0179718086583564,middle
OA10_S2.14,OA10,HomC,-2.32105504761197,0.620480022913811,Q1
OA10_S2.15,OA10,EC,-1.74124022556502,0,Q1
OA10_S2.16,OA10,preHTC,1.57119754554564,0.784255193722138,Q4
OA10_S2.17,OA10,EC,-1.05528972400183,0.965189500467815,middle
OA10_S2.18,OA10,preHTC,0.527035100973601,0,Q4
OA10_S2.19,OA10,EC,-2.0920713822322,0,Q1
OA10_S2.20,OA10,ProC,-1.03248142393803,0,middle
OA10_S2.21,OA10,EC,-1.70842215044445,0,Q1
OA10_S2.22,OA10,HomC,-1.3305808352462,0.330817038696286,Q1
OA10_S2.23,OA10,HomC,-1.31690836779366,0.0329865880317293,Q1
OA10_S2.25,OA10,EC,-1.63780106239012,0,Q1
OA10_S2.26,OA10,EC,-1.34669879564777,0,Q1
OA10_S2.27,OA10,ProC,-0.846026571889005,0,middle
OA10_S2.28,OA10,EC,0.150399474323876,0,middle
OA10_S2.29,OA10,EC,-0.640634725350813,0,middle
OA10_S2.30,OA10,HomC,-0.716174897390924,0,middle
OA10_S2.31,OA10,EC,-0.462499417015913,0,middle
OA10_S2.32,OA10,ProC,0.0724297077967789,0.0217532760978065,middle
OA10_S3.1,OA10,ProC,-2.62809460900917,0.552426076271136,Q1
OA10_S3.2,OA10,preHTC,0.670841804730322,0,Q4
OA10_S3.3,OA10,ProC,-1.45469950390631,0.328067671195444,Q1
OA10_S3.4,OA10,ProC,-1.08515324801894,0,middle
OA10_S3.5,OA10,preHTC,0.655672589152809,0,Q4
OA10_S3.6,OA10,ProC,-1.10933736933804,1.24070565455322,middle
OA10_S3.7,OA10,ProC,-1.31373220775538,0,Q1
OA10_S3.8,OA10,ProC,-0.551490467438193,0,middle
OA10_S3.9,OA10,ProC,-0.897261203079528,0.531844036406252,middle
OA10_S3.10,OA10,HTC,0.27726879291452,0,middle
OA10_S3.11,OA10,ProC,-1.48416612628004,0,Q1
OA10_S3.12,OA10,EC,-0.952278833128408,0,middle
OA10_S3.13,OA10,ProC,-1.73844023549837,0,Q1
OA10_S3.14,OA10,preHTC,1.08726093322228,0.189895596945907,Q4
OA10_S3.15,OA10,ProC,-1.33661699589224,0.468898531505713,Q1
OA10_S3.16,OA10,ProC,0.523517724058563,0,middle
OA10_S3.17,OA10,ProC,-1.44514160686,0,Q1
OA10_S3.18,OA10,RegC,-0.342351270623806,0.746829618964774,middle
OA10_S3.19,OA10,ProC,-1.75221925620147,0,Q1
OA10_S3.21,OA10,HomC,-0.556874595584884,0,middle
OA10_S3.22,OA10,ProC,-0.300000242625071,1.00317320716242,middle
OA10_S3.24,OA10,ProC,-1.20907768657569,0.677887665014052,Q1
OA10_S3.25,OA10,ProC,-0.835539571928114,0,middle
OA10_S3.26,OA10,ProC,-0.88559739945377,0,middle
OA10_S3.27,OA10,ProC,-0.457790003718067,0,middle
OA10_S3.28,OA10,RegC,-0.313300463362254,0.805190521229328,middle
OA10_S3.29,OA10,preHTC,0.469179867719354,0,middle
OA10_S3.30,OA10,ProC,-0.661624234744093,0,middle
OA10_S3.31,OA10,ProC,-0.566850475601016,0,middle
OA10_S3.32,OA10,ProC,-0.53076346893056,1.20009070787653,middle
OA10_S4.1,OA10,preHTC,-0.625600124081975,1.28473100650501,middle
OA10_S4.2,OA10,preHTC,0.387233779955509,0,middle
OA10_S4.3,OA10,ProC,-0.79552182320266,0.375495711109786,middle
OA10_S4.4,OA10,ProC,-1.03513525087524,0.612815311448237,middle
OA10_S4.5,OA10,ProC,-1.35078948482694,0.604140843448169,Q1
OA10_S4.6,OA10,preHTC,-1.47916521543858,0.391261463144037,Q1
OA10_S4.7,OA10,preHTC,-1.0846363214487,0.238162754918034,middle
OA10_S4.8,OA10,ProC,1.8827977245717,0.840071816186947,Q4
OA10_S4.9,OA10,ProC,-1.26179976570738,0.153550648266095,Q1
OA10_S4.10,OA10,ProC,-1.62178301720143,1.35181758238805,Q1
OA10_S4.11,OA10,ProC,-1.38370260250087,0.172579663127237,Q1
OA10_S4.12,OA10,ProC,-0.223080808927977,0.23272825867687,middle
OA10_S4.13,OA10,ProC,-1.05075832606789,0.567684598935197,middle
OA10_S4.14,OA10,ProC,-0.954231821901364,0.239253411958297,middle
OA10_S4.15,OA10,ProC,-1.13601176385204,0.977479370872591,middle
OA10_S4.16,OA10,preHTC,-0.257958200617509,0.162047044628924,middle
OA10_S4.17,OA10,ProC,-1.60982370359079,0.230993419914799,Q1
OA10_S4.18,OA10,ProC,1.01388119891419,0.0590828799234889,Q4
OA10_S4.19,OA10,ProC,-0.996676198376349,0,middle
OA10_S4.20,OA10,ProC,-1.5529801010969,0.147023528131365,Q1
OA10_S4.21,OA10,ProC,-0.804846189619973,0,middle
OA10_S4.22,OA10,ProC,-1.47148730748829,0.144316671898241,Q1
OA10_S4.23,OA10,ProC,-1.24969262555566,0.569914485387896,Q1
OA10_S4.24,OA10,ProC,-1.39643696319635,0.416714610940162,Q1
OA10_S4.25,OA10,preHTC,1.12781791451872,0,Q4
OA10_S4.26,OA10,ProC,-1.09623080023321,0,middle
OA10_S4.27,OA10,ProC,0.720424735766755,0,Q4
OA10_S4.28,OA10,ProC,-1.68008120106613,0.0855016865466988,Q1
OA10_S4.29,OA10,preHTC,-0.998873631499154,0.728375534671012,middle
OA10_S4.30,OA10,preHTC,-0.453149198777078,0.585440063715833,middle
OA10_S4.31,OA10,ProC,-0.816728000691917,0,middle
OA10_S4.32,OA10,ProC,-1.29905153895597,0.393381228780916,Q1
