tf,n_target,n_overlap,enrich_p,enrich_FDR
ADNP,353,9,0.00414162549162308,0.0324201011844265
ADNP2,257,7,0.00779987718488376,0.0520900888920559
AEBP2,707,13,0.00992192385837961,0.0607399825945675
AHR,44,3,0.00677649000354371,0.0472375763020748
AIRE,403,3,0.689574630465523,0.900827144317859
ALX1,726,9,0.189757613668308,0.435621444839505
ALX3,369,2,0.837224297376432,0.975060004871332
ALX4,421,6,0.166756565844142,0.403748551746585
AR,131,2,0.319550120271994,0.584617557202594
ARID3A,23,1,0.183610495287835,0.425601997572529
ARID3B,745,5,0.786268778761978,0.958986824671378
ARID5A,886,17,0.00219346966614609,0.0196008404553038
ARID5B,699,17,0.000157414964171737,0.00259191880662085
ARNT,63,1,0.426577896056466,0.686984638674409
ARNT2,462,9,0.0213398775683384,0.107828481892927
ARNTL2,684,19,1.05414529097351e-05,0.000305063258448394
ARX,388,9,0.00754810283603962,0.0507636493550552
ASCL1,52,2,0.0764196155340961,0.256072746789691
ASCL2,462,5,0.382064569337485,0.646935573966841
ATF2,24,1,0.190783084388497,0.435880013375634
ATF3,48,4,0.000829705113198398,0.00900418617164171
ATF5,314,2,0.764697954636796,0.950442622111896
ATF6,10,2,0.0032942556658503,0.0271208117317848
ATF6B,1052,6,0.903865761715473,0.988771722429438
ATF7,28,1,0.218851657413278,0.477176558971873
ATOH1,1070,7,0.833866231934454,0.973569258991369
ATOH8,302,5,0.127742999043181,0.344617412672987
BARHL1,522,6,0.309963778285766,0.577028086282468
BARHL2,570,7,0.235846399649297,0.498570203628936
BARX1,445,4,0.550413883338961,0.788073850957582
BARX2,478,5,0.409842043928717,0.672507133938015
BATF,47,1,0.339497743369055,0.609436738566632
BATF3,1217,29,1.01878674609829e-06,4.05392226051612e-05
BBX,726,5,0.767167321162711,0.950442622111896
BCL11A,36,1,0.272114646306345,0.540269204204905
BCL11B,407,2,0.874876617201947,0.982949611091599
BCL6,45,4,0.000648493266377987,0.00728601258107033
BCL6B,686,15,0.0011341637877129,0.011282566846519
BHLHA15,1024,8,0.680793479792069,0.899250032090492
BHLHE23,273,1,0.911124439351372,0.988771722429438
BHLHE40,57,3,0.0137791089431657,0.0756267186248462
BHLHE41,347,4,0.363117280391164,0.629359351676155
BNC1,252,3,0.381009499930864,0.646294977680241
BNC2,696,22,2.39358394628976e-07,1.26992926039262e-05
BRF2,353,2,0.818514730801152,0.967427683063243
BSX,411,4,0.488040153229581,0.734028613647929
CASZ1,267,5,0.0869278780499155,0.27094398880434
CBX2,369,7,0.044933331709124,0.177319552819064
CDC5L,1223,20,0.00567204433335084,0.0410363813511368
CEBPA,147,1,0.727446615459226,0.930002031811996
CEBPB,42,2,0.0524933319035205,0.196592674383773
CEBPD,14,1,0.1161422400073,0.332083350919075
CEBPG,44,2,0.0570281476009343,0.210837079909582
CEBPZ,304,1,0.932601392774077,0.988771722429438
CENPB,381,6,0.119966734648965,0.337308818914114
CIC,437,6,0.187366992109375,0.431169825215549
CLOCK,50,2,0.071395425183269,0.246146682491054
CREB1,75,1,0.484299399842306,0.734028613647929
CREB3L2,739,22,6.5630132578852e-07,2.84894439149108e-05
CREB3L4,612,5,0.625962326215782,0.852773211891686
CREBL2,1007,13,0.107208659764776,0.316032876257321
CREBZF,466,4,0.586900224695717,0.82295637927928
CRX,558,5,0.543968181661855,0.782363875733541
CSRNP1,153,7,0.000417573581151926,0.00511259961538576
CSRNP2,208,5,0.0368851925315789,0.151833443395077
CSRNP3,399,2,0.867683075728734,0.981622180337639
CTCF,115,2,0.267711330845309,0.536891244130259
CTCFL,52,2,0.0764196155340961,0.256072746789691
CUX1,40,1,0.297374542610912,0.562361758798853
CUX2,451,4,0.561009915267175,0.800843750493502
CXXC1,886,7,0.663897153409643,0.883038692905583
CXXC4,477,10,0.00979785107463596,0.0607399825945675
DBP,1035,22,0.000122052154515197,0.00219924165211346
DEAF1,131,1,0.685900546959201,0.899773382343457
DLX1,577,3,0.884740476894451,0.988218895244679
DLX2,400,4,0.467120304377403,0.721573970980849
DLX3,898,15,0.0132307356761892,0.0739499817098213
DLX4,390,5,0.258756784069442,0.528816566514374
DLX5,35,1,0.265659710516875,0.535242665703831
DLX6,432,5,0.329999147242963,0.595745152395142
DMBX1,387,5,0.253807062529158,0.526202139921242
DMRT3,447,8,0.0443520187298916,0.177222501619442
DMRTA1,163,2,0.41986331151803,0.680700594481921
DMRTC2,355,1,0.957275828767542,0.988771722429438
DMTF1,683,4,0.853333906961617,0.981622180337639
DNMT1,48,1,0.345306524519216,0.614092608781846
DUX4,36,1,0.272114646306345,0.540269204204905
DUXA,407,5,0.287211815078178,0.55377736318103
E2F1,318,1,0.940523336683241,0.988771722429438
E2F5,13,1,0.108311337085264,0.316032876257321
E2F6,69,3,0.022863821733999,0.111850216159021
E2F8,711,7,0.433019046120118,0.695013763100358
E4F1,764,8,0.356622902897755,0.625885456447749
EBF1,73,3,0.0264632838256779,0.121502096411165
EBF2,512,10,0.0154259925625582,0.0827630499845117
EBF3,374,7,0.0476800093942929,0.183606487788507
EBF4,571,15,0.000169329488008151,0.00269516101746307
EGR1,124,3,0.0959806653911515,0.292848356065654
EGR3,447,10,0.00636125293911899,0.0449999744952492
EGR4,464,5,0.385541467345727,0.649368785388305
ELF1,49,1,0.351064459254828,0.620863997385853
ELF2,593,5,0.598111217373023,0.832647540220462
ELF4,956,16,0.0104844675912355,0.0625791659351869
ELK3,1246,30,5.23253252449775e-07,2.49853428044768e-05
ELK4,13,1,0.108311337085264,0.316032876257321
EMX1,415,5,0.300804134735284,0.565488087937394
EMX2,525,8,0.0925388731156121,0.284162777573664
EN1,460,4,0.57664927824882,0.813512109908745
EN2,396,5,0.268724802075834,0.536891244130259
EOMES,21,1,0.169074943927838,0.404730448078101
ERF,624,10,0.0494751191606787,0.188241987244813
ESR1,154,1,0.743857418454358,0.937181839873234
ESRRA,67,5,0.000308497387028911,0.00433257359724426
ESRRB,576,6,0.393958368624459,0.657745178385241
ESRRG,747,7,0.48412391137905,0.734028613647929
ESX1,387,6,0.126518324222673,0.344617412672987
ETS1,139,2,0.345177359200593,0.614092608781846
ETV2,976,8,0.628008586961716,0.85409847595731
ETV3,730,12,0.0281841640715103,0.126103659513834
ETV5,893,18,0.000944828383985387,0.00980772942071788
ETV6,90,4,0.00819100791761574,0.053213690893354
ETV7,382,6,0.121046622394612,0.339001537791363
EVX1,308,1,0.934966269275097,0.988771722429438
EVX2,693,7,0.407203306883702,0.670481307024027
FEV,731,8,0.313313876259137,0.579873550053247
FEZF1,411,10,0.00356498633363379,0.0290988200736775
FIGLA,414,5,0.299099148243048,0.564505309431049
FIZ1,691,4,0.859488760505481,0.981622180337639
FOS,88,2,0.180809390106975,0.422183294748561
FOSB,464,7,0.115437038229146,0.332055335869982
FOXA3,648,5,0.675463695392486,0.893445746675656
FOXB1,394,5,0.265392347977094,0.535242665703831
FOXC1,1108,23,0.000120745676407927,0.00219924165211346
FOXC2,753,13,0.0160075984164211,0.0849292027093454
FOXD1,484,3,0.800259348619495,0.966179112429352
FOXD2,521,9,0.041192418133162,0.168114356056281
FOXD3,631,8,0.192038379057592,0.436735007206748
FOXE1,163,1,0.763519836883299,0.950442622111896
FOXF1,187,7,0.00136004626045513,0.0128598433538084
FOXF2,527,6,0.317643317566738,0.583898990126636
FOXG1,575,6,0.392392929168434,0.657745178385241
FOXH1,489,8,0.067579352035613,0.238148639092289
FOXI1,710,12,0.0234015554868511,0.112871138838095
FOXJ1,151,1,0.736948226510223,0.936755976114664
FOXJ2,34,1,0.259147804323274,0.528816566514374
FOXJ3,1342,29,6.90457916786268e-06,0.000219795770176962
FOXK2,50,2,0.071395425183269,0.246146682491054
FOXL1,645,18,1.7064237925072e-05,0.000452676311623437
FOXN1,307,2,0.753692288993908,0.94458810497268
FOXN2,370,4,0.408716341880233,0.67181429689436
FOXN3,707,12,0.0227395463480229,0.111850216159021
FOXO6,816,18,0.00033163948907113,0.00440552749578291
FOXP1,169,2,0.437875778020902,0.699688577965715
FOXP2,34,1,0.259147804323274,0.528816566514374
FOXP4,298,7,0.0165262130964764,0.0871963177189775
FOXQ1,703,9,0.166995474282619,0.403748551746585
FOXS1,410,12,0.000290672478250774,0.00414316741387297
GABPA,51,1,0.362429557587294,0.629359351676155
GATA3,71,1,0.465732040284788,0.721573970980849
GATA5,494,1,0.987727947703521,0.991171594200777
GATA6,52,2,0.0764196155340961,0.256072746789691
GATAD2A,918,25,5.6410121963637e-07,2.56531745120349e-05
GATAD2B,395,6,0.135519379786034,0.35850694652538
GBX1,390,7,0.0571798991587242,0.210837079909582
GBX2,400,6,0.141295452330077,0.365206612796879
GCM1,400,7,0.0636742104801271,0.22774858055626
GCM2,396,9,0.00856403973866523,0.0541632976849357
GFI1,1035,21,0.000326760578579819,0.00440552749578291
GFI1B,29,1,0.225716049066268,0.485492853284427
GLI1,79,1,0.502224427999616,0.744758274440425
GLI4,973,11,0.236984487160528,0.499603057921202
GLIS1,470,8,0.0562968048863372,0.209196298313043
GLIS2,1066,34,6.76827132936183e-11,1.08984179485242e-08
GLIS3,838,28,1.40458886285775e-09,1.49042484892128e-07
GLYR1,438,10,0.0055402979049409,0.0403891946505234
GMEB1,794,14,0.0106961002630792,0.0630541713039546
GMEB2,608,16,0.000100663985324757,0.00197325504723083
GRHL1,578,12,0.00524663366863858,0.0388413577794562
GRHL2,75,4,0.00431250942926318,0.0334833049182629
GRHL3,376,3,0.643826492857775,0.86599197278757
GSC,393,7,0.0590829390749446,0.21474914651169
GSC2,391,8,0.0226173342986195,0.111850216159021
GSX1,398,6,0.138971347609216,0.364277879744757
GSX2,405,6,0.147184334251958,0.373832551092074
GTF2B,474,12,0.001041060406664,0.0106904590146679
GTF3A,1149,9,0.683346095899656,0.899773382343457
GZF1,195,5,0.0291163476969241,0.128636874847209
HAND1,81,1,0.510953010089685,0.754188755232842
HAND2,399,11,0.00084690634668672,0.00908759057399795
HDX,276,4,0.224752339060515,0.485492853284427
HES1,245,4,0.169420278023288,0.404730448078101
HES2,791,10,0.159398998308962,0.388331743329231
HES4,319,5,0.150237466546795,0.378566703303929
HES5,265,5,0.0848359952475038,0.267387377760284
HES6,180,2,0.470091349209497,0.721573970980849
HES7,217,4,0.124414194523277,0.342407941699508
HESX1,354,4,0.377032899480509,0.642975748221226
HEY1,403,8,0.0264526156499213,0.121502096411165
HEY2,506,6,0.285630263409137,0.55377736318103
HEYL,410,19,4.36827884210707e-09,3.79246026746568e-07
HIC2,560,9,0.0596374677536249,0.215734021608757
HIF1A,146,3,0.137418069132958,0.361526876093595
HIF3A,484,8,0.0644843713566775,0.229785726289653
HIVEP1,223,9,0.000165096394403784,0.00267232299416295
HIVEP2,409,13,7.19260269479347e-05,0.00156112172125631
HIVEP3,184,7,0.00123912868949524,0.0120719314177424
HLF,964,12,0.142716150955224,0.367369067822747
HLX,339,8,0.0104434032578408,0.0625791659351869
HMG20A,533,4,0.691033001447674,0.900827144317859
HMG20B,776,8,0.37256165100392,0.639399090011857
HMGA2,90,4,0.00819100791761574,0.053213690893354
HMGN3,475,16,5.096266944111e-06,0.000173819104700929
HMX1,395,6,0.135519379786034,0.35850694652538
HMX2,413,4,0.491808834222574,0.736171530850405
HMX3,402,4,0.4709470454835,0.721573970980849
HNF1B,37,1,0.278513107764364,0.548412408072099
HNF4A,82,1,0.51526000418494,0.758202317406191
HNF4G,55,2,0.0841574208903892,0.266900027110622
HOXA11,423,7,0.0802535569694027,0.261577293193787
HOXA13,669,8,0.235754232680249,0.498570203628936
HOXA2,360,5,0.210485404529773,0.464234552715781
HOXA4,67,1,0.446499444777434,0.70831722551902
HOXA5,443,6,0.195343562527225,0.442068962591232
HOXB13,42,3,0.00594963587586024,0.0424022556824368
HOXB2,658,16,0.000246468586825328,0.00356632576391194
HOXB3,611,12,0.00801052548792932,0.0531253600067535
HOXB4,531,7,0.187251837726645,0.431169825215549
HOXB5,461,4,0.578367644846117,0.813512109908745
HOXB7,103,2,0.228766506602447,0.489847564585956
HOXB8,397,8,0.0244822649926371,0.115175187526938
HOXC10,486,9,0.0283270314452961,0.126103659513834
HOXC12,406,8,0.027478139550356,0.124960110812333
HOXC13,591,6,0.417415737630274,0.680700594481921
HOXC4,70,2,0.125910493910045,0.344617412672987
HOXC9,809,11,0.101225498495094,0.30399481466294
HOXD11,397,10,0.00278897733044701,0.02336380132085
HOXD12,401,9,0.00924981126323551,0.0581155905025652
HOXD13,623,4,0.79962273951076,0.966179112429352
HOXD3,428,5,0.323098677960829,0.588853506588916
HOXD8,427,8,0.0354384484095071,0.148437360662628
HOXD9,443,3,0.749065488139235,0.941259922596012
HSF2,794,14,0.0106961002630792,0.0630541713039546
HSF4,986,13,0.0951192759529816,0.291150347868902
IKZF1,38,1,0.284855586664429,0.55377736318103
IKZF2,186,1,0.807207304843488,0.967316054139587
IKZF3,420,1,0.97613666965045,0.989607770187027
IKZF4,131,3,0.108543228704085,0.316032876257321
IKZF5,439,3,0.7435523352608,0.937181839873234
INSM1,781,9,0.249126169050004,0.519977062387672
IRF1,32,1,0.245951074712273,0.5150949042768
IRF4,66,1,0.441584591679751,0.704028856517801
IRF5,1190,6,0.952714804327502,0.988771722429438
IRF6,509,11,0.00554010450766406,0.0403891946505234
IRX2,90,3,0.0449143099384908,0.177319552819064
IRX3,104,2,0.232001309222464,0.495662752365666
IRX4,212,3,0.285364191488157,0.55377736318103
IRX6,110,1,0.621666211256546,0.849343679184551
ISL1,473,7,0.124096728938217,0.342407941699508
ISL2,394,4,0.455582920662707,0.713046389158045
ISX,777,4,0.912871063434756,0.988771722429438
JDP2,504,11,0.00515502296847356,0.0384613041788457
JUN,120,1,0.653738665178692,0.874398354685786
JUNB,52,4,0.00112327980962153,0.011282566846519
KAT7,605,2,0.970715612638314,0.988771722429438
KDM2A,582,8,0.141493661502456,0.365206612796879
KLF1,48,2,0.0664850293115293,0.236034211868069
KLF10,117,5,0.00376142874665779,0.030186255908052
KLF11,216,5,0.0422425808986601,0.170217994760424
KLF12,1043,19,0.00219611510860472,0.0196008404553038
KLF14,344,5,0.186067354699837,0.430252599850713
KLF15,663,9,0.130790679533153,0.350857019534161
KLF16,755,14,0.00706585556334742,0.0485459860647251
KLF4,12,1,0.100411383199272,0.302501170206007
KLF5,79,3,0.032396783617768,0.138739589035733
KLF6,50,1,0.35677199056241,0.625885456447749
KLF7,374,12,0.000124955112482233,0.00220435877543996
KLF8,729,13,0.0125530260179904,0.072655393013217
KLF9,68,2,0.120089003592459,0.337308818914114
L3MBTL1,649,2,0.979092778980455,0.990501699074507
LBX1,404,11,0.000936793065130064,0.00980772942071788
LBX2,385,4,0.438129601699997,0.699688577965715
LEF1,21,2,0.0144293041287801,0.078295371835142
LHX2,10,1,0.0844018933899559,0.266900027110622
LHX3,543,2,0.953282960479846,0.988771722429438
LHX4,363,2,0.830421173693603,0.971877721663469
LHX6,535,9,0.0472967374916219,0.182867952649793
LHX8,198,2,0.52035505071484,0.759845678031609
LHX9,411,4,0.488040153229581,0.734028613647929
LIN54,373,2,0.841622241253271,0.977797129436586
LMX1A,151,2,0.382998692108358,0.647369470731827
LMX1B,291,3,0.471478699363403,0.721573970980849
MAFA,27,1,0.211926699287143,0.465264362802808
MAFB,52,1,0.368037595666769,0.63508915129729
MAFF,42,2,0.0524933319035205,0.196592674383773
MAFG,36,1,0.272114646306345,0.540269204204905
MAFK,50,5,7.63637622537115e-05,0.00158537810765858
MAX,55,2,0.0841574208903892,0.266900027110622
MAZ,71,1,0.465732040284788,0.721573970980849
MBD3,419,10,0.00408002134569805,0.0322018213648069
MBD4,29,2,0.0266486911295561,0.121767942721177
MECOM,887,19,0.000326392513186564,0.00440552749578291
MEF2A,100,4,0.0117506411107908,0.0684259893951536
MEF2B,35,1,0.265659710516875,0.535242665703831
MEF2C,68,2,0.120089003592459,0.337308818914114
MEF2D,1048,22,0.000145726168220514,0.00248515161876055
MEIS1,51,2,0.0738936393182315,0.252933424906491
MEIS2,60,3,0.0158102942335927,0.0843510111345311
MEIS3,1045,32,7.25988916190962e-10,8.66649268702961e-08
MEOX1,599,13,0.0025586225758629,0.0218168264281167
MEOX2,1013,20,0.000639187836554912,0.00726695695130882
MESP1,475,2,0.92296160777929,0.988771722429438
MGA,838,10,0.203208800298258,0.450265439175955
MITF,35,1,0.265659710516875,0.535242665703831
MIXL1,382,2,0.851127879534987,0.981622180337639
MKX,187,4,0.0830040126513398,0.266900027110622
MLX,1286,11,0.578725579846689,0.813512109908745
MLXIP,725,17,0.000241488995993966,0.00354803063344981
MLXIPL,394,2,0.862997148373149,0.981622180337639
MNT,55,2,0.0841574208903892,0.266900027110622
MNX1,503,5,0.452864157805137,0.713046389158045
MSX1,681,16,0.000360144762390779,0.00458584330777592
MSX2,417,3,0.711509343990521,0.918231653393172
MTF1,1361,19,0.0311868457453632,0.135344366438174
MXD1,437,7,0.0914651360366277,0.281771628757998
MXD3,470,1,0.984770492472965,0.990664787060825
MXD4,582,8,0.141493661502456,0.365206612796879
MXI1,73,5,0.000459830255296053,0.00548922367259664
MYBL1,441,6,0.192670363102384,0.437055099198995
MYC,378,3,0.647371177883269,0.869535126411423
MYCL,391,5,0.260411905879664,0.529134830032084
MYCN,13,1,0.108311337085264,0.316032876257321
MYF6,716,6,0.602691853473002,0.836585348934181
MYNN,457,12,0.00076026422104562,0.00834542909308697
MYOG,841,11,0.123015697015297,0.342407941699508
MYRF,277,6,0.0359756622129431,0.149377206145046
MYT1L,279,1,0.915755154458007,0.988771722429438
MZF1,970,8,0.621093548450268,0.849343679184551
NANOG,46,1,0.333637668943202,0.601177309133506
NCOA2,18,1,0.14678727864006,0.373832551092074
NCOA3,23,1,0.183610495287835,0.425601997572529
NEUROD2,778,5,0.816545818344065,0.967316054139587
NEUROG1,350,4,0.369083224052352,0.63508915129729
NEUROG2,317,2,0.7692831813083,0.950442622111896
NFAT5,914,16,0.00700217583562362,0.0484570863986997
NFATC3,1346,25,0.000334971487544786,0.00440552749578291
NFATC4,1117,24,4.99911359407626e-05,0.00111026825170763
NFE2,47,3,0.00813893250380583,0.053213690893354
NFE2L1,30,2,0.0283898291052088,0.126103659513834
NFIA,15,1,0.12390469268216,0.342407941699508
NFIB,323,3,0.541057204097224,0.779350874680013
NFIC,27,1,0.211926699287143,0.465264362802808
NFIX,992,19,0.00124380879858448,0.0120719314177424
NFKB1,163,1,0.763519836883299,0.950442622111896
NFX1,597,8,0.156192904797966,0.385437271529864
NFXL1,453,2,0.909709549295828,0.988771722429438
NFYB,72,1,0.470435337662897,0.721573970980849
NHLH1,563,16,4.09108368128135e-05,0.000952923150152119
NHLH2,131,2,0.319550120271994,0.584617557202594
NKX2-1,471,5,0.397702390361074,0.660531796164914
NKX2-3,531,9,0.0454946497099794,0.177336287645022
NKX2-5,786,11,0.0870992717936463,0.27094398880434
NKX2-8,775,18,0.000177977760780758,0.00278637314009219
NKX3-2,792,8,0.393897106537519,0.657745178385241
NKX6-1,805,10,0.171922624399769,0.404730448078101
NKX6-2,455,11,0.00239261161445799,0.0209003498907667
NME2,421,7,0.0787208860594027,0.25923602133355
NOBOX,530,8,0.0963765080104368,0.293119634235564
NOTO,348,5,0.192071940342235,0.436735007206748
NPAS1,187,5,0.0248982957291199,0.116558198143674
NPAS2,531,9,0.0454946497099794,0.177336287645022
NPAS3,295,5,0.118966093683814,0.337308818914114
NPAS4,336,7,0.0293642290227137,0.128636874847209
NR1D1,430,12,0.000445444418377961,0.00538480277912599
NR1I2,166,1,0.76973419115312,0.950442622111896
NR1I3,434,4,0.530650951488512,0.767835846472013
NR2C1,851,5,0.871381853248898,0.981622180337639
NR2C2,84,1,0.523761059859157,0.761326959156004
NR2E1,526,7,0.181345078003472,0.4224013402276
NR2E3,770,7,0.516124532558827,0.758306043990277
NR2F1,66,3,0.0203519551861972,0.103936455630045
NR3C2,835,9,0.312656881819676,0.579781208034544
NR4A1,42,2,0.0524933319035205,0.196592674383773
NR4A2,793,7,0.547410950524288,0.784951137763807
NR4A3,135,6,0.00125143582236283,0.0120719314177424
NR6A1,597,8,0.156192904797966,0.385437271529864
NRF1,76,3,0.0293501646919416,0.128636874847209
NRL,753,6,0.65127042420836,0.873543897639023
OLIG1,403,1,0.97220591346727,0.988771722429438
OLIG2,840,5,0.864116145886468,0.981622180337639
OLIG3,333,1,0.947985093145428,0.988771722429438
ONECUT1,55,1,0.384568833173228,0.648874974700411
ONECUT2,425,5,0.317934528655341,0.583898990126636
ONECUT3,412,3,0.70381471696428,0.913647184536703
OSR1,262,14,8.967609403751e-08,5.35254186286388e-06
OSR2,498,19,9.6409462822489e-08,5.41594335267512e-06
OTX1,464,6,0.224221419303592,0.485492853284427
OVOL1,806,9,0.278016110091646,0.548412408072099
OVOL2,540,7,0.198080858750335,0.444054507292417
PATZ1,662,10,0.0678800285031485,0.238328776545981
PAX1,395,5,0.267057386030825,0.536891244130259
PAX2,592,5,0.596613968828954,0.832647540220462
PAX4,201,2,0.528419839379677,0.765767749025177
PAX5,53,1,0.373596536362949,0.639399090011857
PAX6,13,1,0.108311337085264,0.316032876257321
PAX7,169,1,0.775785991357375,0.953507878695358
PAX9,448,6,0.202087659500037,0.450265439175955
PBX1,1296,14,0.249371198506339,0.519977062387672
PBX2,44,3,0.00677649000354371,0.0472375763020748
PBX3,51,3,0.0101891788766901,0.0615864925774623
PBX4,454,4,0.566257487611873,0.805925336317941
PCGF2,374,3,0.640256940190658,0.862405328465555
PDX1,50,1,0.35677199056241,0.625885456447749
PEG3,286,7,0.0134757633016962,0.0748218253088366
PHOX2A,350,2,0.814800169225908,0.967316054139587
PHOX2B,286,1,0.920854953507291,0.988771722429438
PITX3,390,4,0.447846493570958,0.709275955821335
PKNOX1,34,1,0.259147804323274,0.528816566514374
PKNOX2,610,13,0.00298840821052049,0.0248167812264962
PLAG1,532,9,0.0459407877948332,0.178347367252299
PLAGL1,469,17,9.48985217389077e-07,3.94035166350682e-05
PLAGL2,216,2,0.567353016783203,0.806282933077319
POU2F3,610,7,0.289463980263411,0.55377736318103
POU3F1,850,11,0.129585623898715,0.348603579783868
POU3F3,589,2,0.96693438366015,0.988771722429438
POU3F4,573,3,0.881885252103844,0.986183156626664
POU4F1,381,1,0.966148338998945,0.988771722429438
POU4F2,28,1,0.218851657413278,0.477176558971873
POU4F3,384,1,0.967045996501753,0.988771722429438
POU5F1,69,2,0.12299124782704,0.342407941699508
POU5F1B,368,3,0.629399468404118,0.85409847595731
POU6F1,949,13,0.0759680078413703,0.256072746789691
POU6F2,404,6,0.145997653512773,0.373800962747179
PRDM10,206,1,0.838606139667496,0.97547973615403
PRDM14,189,9,4.66902866920984e-05,0.0010616481854989
PRDM15,361,2,0.828097399098602,0.971877721663469
PRDM16,513,17,3.18655416306335e-06,0.000112709600952796
PRDM2,321,7,0.0236850802483388,0.113227133976778
PRDM4,708,17,0.00018302982185856,0.00281924967540202
PRDM5,483,13,0.000365628092589507,0.00459440563714446
PRDM6,586,10,0.0347656475075968,0.146260763743414
PRDM8,336,11,0.000200853004073015,0.00304467649031316
PROP1,313,1,0.937806546172127,0.988771722429438
PROX1,25,1,0.197892951606767,0.444054507292417
PRRX1,989,28,4.95999728744535e-08,3.38342672107879e-06
PRRX2,1386,41,5.80582429374303e-12,2.7722811002623e-09
PTF1A,390,1,0.968770851391507,0.988771722429438
PURA,425,6,0.171815577082214,0.404730448078101
PURB,435,15,7.66931450945895e-06,0.000228881104891666
PURG,233,4,0.149465954090385,0.378040198689564
RARA,37,1,0.278513107764364,0.548412408072099
RARB,57,1,0.395349826242705,0.657768439132026
RAX,391,3,0.669803810875924,0.887188126749664
RAX2,411,4,0.488040153229581,0.734028613647929
RBAK,270,5,0.0901161121097526,0.278514197620756
RBPJ,60,1,0.411169867859455,0.673528685773207
RELA,143,2,0.357876891294253,0.625956833674013
RFX1,39,1,0.291142570517928,0.55377736318103
RFX3,709,13,0.0101415397190224,0.0615864925774623
RFX4,328,7,0.0262316708049102,0.121502096411165
RFX7,403,4,0.472856690918012,0.722525023722722
RFX8,175,6,0.00457117475242058,0.0346466022901719
RHOXF1,395,8,0.0238490394748551,0.113227133976778
RLF,468,9,0.0229556464577677,0.111850216159021
RORA,1161,12,0.322280097087897,0.588484689711169
RORB,504,8,0.0774076377139172,0.256947155534824
RORC,996,16,0.0149616399088678,0.0807252322766594
RREB1,646,11,0.0279620350496307,0.126103659513834
RUNX2,64,3,0.0187667607745236,0.0974035681503806
RXRG,1052,19,0.00241596306481525,0.0209003498907667
SALL1,78,1,0.497802166705392,0.741025276880876
SALL2,612,8,0.171591047078101,0.404730448078101
SALL3,125,1,0.668745029426919,0.887188126749664
SALL4,351,3,0.597436301835743,0.832647540220462
SATB1,313,7,0.0209898304295828,0.106623872660912
SATB2,156,2,0.398487247295701,0.660686321471171
SCRT1,610,10,0.0436404478394923,0.175111881036618
SCRT2,415,6,0.159290255879688,0.388331743329231
SCX,277,6,0.0359756622129431,0.149377206145046
SETDB1,400,7,0.0636742104801271,0.22774858055626
SHOX,414,4,0.493688928719935,0.737829306615865
SHOX2,483,5,0.418494194345214,0.680700594481921
SIM1,109,1,0.618300704240198,0.849343679184551
SIX1,770,14,0.00832258949819424,0.0537031957484831
SIX2,39,1,0.291142570517928,0.55377736318103
SIX3,486,3,0.802517854813443,0.966462233728673
SIX4,68,3,0.0220086473595372,0.110043236797686
SIX6,329,1,0.946091601426951,0.988771722429438
SMAD9,318,4,0.305573661707857,0.569966497912117
SNAI1,16,1,0.131599290625294,0.351053973595408
SNAI2,64,4,0.00242925532761791,0.0209003498907667
SOX1,347,4,0.363117280391164,0.629359351676155
SOX12,357,2,0.82336412364049,0.969559479749282
SOX13,41,1,0.303551982040534,0.567303606357554
SOX15,744,6,0.639788302654322,0.862405328465555
SOX17,1030,18,0.00440260758872734,0.0339071794131823
SOX18,210,1,0.844246245284336,0.979164802768079
SOX21,628,7,0.314491469623397,0.580927182766624
SOX3,779,5,0.817407388157745,0.967316054139587
SOX4,959,17,0.00487012615316597,0.0366218147738071
SOX5,837,13,0.0339651540181194,0.144163209276907
SOX6,29,1,0.225716049066268,0.485492853284427
SOX7,266,7,0.00932390880529232,0.0581982543075436
SOX8,774,13,0.0195881848743937,0.100573744919602
SOX9,13,1,0.108311337085264,0.316032876257321
SP1,319,8,0.00739673897571926,0.0504563265843707
SP100,581,11,0.0140177242967934,0.0764967240196442
SP110,402,2,0.870423868852193,0.981622180337639
SP140L,605,4,0.780718780115094,0.955880044884506
SP3,75,1,0.484299399842306,0.734028613647929
SP4,57,1,0.395349826242705,0.657768439132026
SP6,139,2,0.345177359200593,0.614092608781846
SP8,353,4,0.375046155801317,0.640731804633735
SPI1,102,1,0.59389301040603,0.830406771504772
SPIB,57,2,0.0894426585775108,0.27733032123871
SPIC,398,1,0.970931661262136,0.988771722429438
SPZ1,390,5,0.258756784069442,0.528816566514374
SREBF1,23,2,0.0171856771526069,0.0896848179275386
SREBF2,16,2,0.00848572353514132,0.0541632976849357
SRY,630,11,0.0238575795561062,0.113227133976778
STAT1,287,1,0.921557963934092,0.988771722429438
STAT2,39,1,0.291142570517928,0.55377736318103
STAT3,75,2,0.140743882076884,0.365206612796879
STAT4,10,1,0.0844018933899559,0.266900027110622
STAT5A,21,1,0.169074943927838,0.404730448078101
STAT5B,16,1,0.131599290625294,0.351053973595408
TBP,45,1,0.327725850472159,0.593886503227537
TBPL1,521,2,0.94499518143225,0.988771722429438
TBR1,516,3,0.833905396706743,0.973569258991369
TBX1,576,6,0.393958368624459,0.657745178385241
TBX15,597,11,0.0168096713213075,0.0882045940211463
TBX18,376,6,0.114640451284012,0.330760214429702
TBX19,739,9,0.20319726034239,0.450265439175955
TBX2,951,17,0.00448551554569107,0.0342693387690798
TBX20,389,1,0.968489746623122,0.988771722429438
TBX21,76,1,0.48883999819904,0.734028613647929
TBX3,497,5,0.442600953522023,0.704473184355887
TBX4,409,5,0.290599306323896,0.55377736318103
TBX5,445,5,0.352515986877825,0.622278682935902
TBX6,331,2,0.789669528578405,0.960874481437363
TCF12,76,1,0.48883999819904,0.734028613647929
TCF15,173,1,0.78360949588538,0.95696556083189
TCF21,543,14,0.000336757599154087,0.00440552749578291
TCF23,79,3,0.032396783617768,0.138739589035733
TCF3,15,1,0.12390469268216,0.342407941699508
TCF4,62,1,0.421487000875092,0.681083055559581
TCF7L1,1370,28,2.76961010206688e-05,0.000696046749335229
TCFL5,391,3,0.669803810875924,0.887188126749664
TEAD1,126,7,0.000126952599632668,0.00220435877543996
TEAD2,30,2,0.0283898291052088,0.126103659513834
TEAD3,953,26,3.17550477540701e-07,1.59610897921773e-05
TEAD4,68,2,0.120089003592459,0.337308818914114
TEF,444,7,0.0973857020790969,0.295248715827103
TERF1,460,19,2.77537295949745e-08,2.20873431360005e-06
TERF2,417,10,0.00394606360754697,0.0314040895433947
TET1,238,4,0.157666498714525,0.386080785313774
TFAP2B,765,10,0.137412315179351,0.361526876093595
TFAP2E,290,2,0.725116796727834,0.92826614058322
TFAP4,39,4,0.000373004133351139,0.00462622009545893
TFCP2,12,1,0.100411383199272,0.302501170206007
TFCP2L1,436,4,0.534275679631135,0.771436178077574
TFDP2,628,9,0.102938067476684,0.308168822696657
TFE3,1326,26,0.000107746424385547,0.00202818115646645
TFEB,753,9,0.218101415538171,0.477176558971873
TFEC,902,4,0.958573230119786,0.988771722429438
TGIF1,1000,22,7.43832546056457e-05,0.00157857795885315
TGIF2,17,1,0.13922662419564,0.364277879744757
THAP1,53,5,0.00010124554692598,0.00197325504723083
THAP11,112,2,0.257959148295849,0.528816566514374
THAP2,329,1,0.946091601426951,0.988771722429438
THAP3,460,4,0.57664927824882,0.813512109908745
THAP4,1086,6,0.918813323690395,0.988771722429438
THAP5,321,5,0.15298844498351,0.383670131447608
THAP6,470,1,0.984770492472965,0.990664787060825
THAP8,693,4,0.860992857915299,0.981622180337639
THRA,839,12,0.0671693157802615,0.237580357667221
THRB,706,12,0.0225219912279724,0.111850216159021
TP53,242,5,0.0627510772266493,0.226140674533774
TP63,19,1,0.1542818341374,0.38469752376297
TP73,41,1,0.303551982040534,0.567303606357554
TRERF1,705,7,0.424424572923302,0.684671397198907
TRPS1,284,7,0.0130097954816552,0.0739499817098213
TSC22D1,226,8,0.000899165641084508,0.00954114652484116
TSHZ1,288,2,0.721577772766987,0.92576003077027
TSHZ2,547,18,1.78871611505159e-06,6.5700918841318e-05
TSHZ3,975,41,4.81024012214814e-17,4.59377931665148e-14
TWIST2,25,1,0.197892951606767,0.444054507292417
UBP1,819,18,0.000346439993659069,0.00447094856681636
UNCX,749,3,0.961980832646061,0.988771722429438
USF1,59,1,0.405942835449532,0.669560289903805
VAX1,392,7,0.0584442913178961,0.213847885856669
VAX2,392,7,0.0584442913178961,0.213847885856669
VDR,24,1,0.190783084388497,0.435880013375634
VENTX,910,14,0.030412496982664,0.132620706020293
VEZF1,909,27,3.32397503702615e-08,2.4418432002769e-06
VSX1,214,2,0.562297304995701,0.801483472046111
VSX2,198,2,0.52035505071484,0.759845678031609
WIZ,870,14,0.0218320265222209,0.109734659624847
YBX2,152,1,0.739271656890184,0.936755976114664
YBX3,666,19,7.24482898983247e-06,0.000223187473719033
YY1,69,1,0.456200359974414,0.713046389158045
YY2,405,6,0.147184334251958,0.373832551092074
ZBED2,242,3,0.357180705512066,0.625885456447749
ZBED3,501,7,0.153066303750302,0.383670131447608
ZBED4,773,8,0.368570547277894,0.63508915129729
ZBED5,374,1,0.963958037588456,0.988771722429438
ZBED6,285,7,0.0132413056255282,0.0739499817098213
ZBTB1,246,2,0.638128411713611,0.861969778198725
ZBTB11,20,2,0.0131302317468085,0.0739499817098213
ZBTB14,870,6,0.779382381938253,0.95546877374972
ZBTB17,1136,15,0.0760844357152556,0.256072746789691
ZBTB18,718,12,0.025236497948004,0.117565148977287
ZBTB2,314,10,0.000483948275365102,0.00570580991325521
ZBTB21,376,13,3.04929569715555e-05,0.000743534991562419
ZBTB22,424,6,0.170544818628324,0.404730448078101
ZBTB24,611,8,0.170543505154311,0.404730448078101
ZBTB25,370,1,0.962643693764814,0.988771722429438
ZBTB34,238,2,0.62018284606623,0.849343679184551
ZBTB37,398,2,0.866757767728923,0.981622180337639
ZBTB38,538,16,2.37319821624827e-05,0.000612541701761378
ZBTB39,281,3,0.448775256121426,0.709570148337684
ZBTB4,669,10,0.071691236460807,0.24627744899306
ZBTB40,347,4,0.363117280391164,0.629359351676155
ZBTB41,509,6,0.290161548803916,0.55377736318103
ZBTB42,576,11,0.0132218645465903,0.0739499817098213
ZBTB43,343,11,0.000239763839225942,0.00354803063344981
ZBTB44,453,9,0.0190723829992542,0.0984547338610147
ZBTB45,627,1,0.996305595945429,0.996774795544692
ZBTB46,585,10,0.0344257793534095,0.145471766736753
ZBTB47,733,28,6.84717358022463e-11,1.08984179485242e-08
ZBTB48,673,7,0.378480328226924,0.643147176969239
ZBTB5,283,3,0.453347826692392,0.713046389158045
ZBTB6,771,11,0.07858198772391,0.25923602133355
ZBTB7A,86,3,0.0401203113632956,0.164441619536255
ZBTB7B,1032,12,0.197597179880525,0.444054507292417
ZBTB7C,737,15,0.00227472761124713,0.0201144895253797
ZBTB8B,293,1,0.925647401983546,0.988771722429438
ZC3H8,370,7,0.0454742976365237,0.177336287645022
ZEB2,53,1,0.373596536362949,0.639399090011857
ZFAT,245,3,0.364345061465892,0.630343358152042
ZFHX3,440,13,0.000148710307163601,0.00249154988317964
ZFHX4,372,15,1.14210305648432e-06,4.36283367577011e-05
ZFP1,369,7,0.044933331709124,0.177319552819064
ZFP2,199,3,0.254560616380747,0.526202139921242
ZFP28,638,8,0.199821653263177,0.44690791303591
ZFP41,401,1,0.971703024281723,0.988771722429438
ZFP42,342,2,0.80456229922154,0.966486787115183
ZFP62,387,1,0.967919959786847,0.988771722429438
ZFP64,721,2,0.988057966156168,0.991171594200777
ZFP69B,376,5,0.235874476233872,0.498570203628936
ZFP82,532,4,0.689624325630599,0.900827144317859
ZFP90,501,2,0.936268162398404,0.988771722429438
ZFP91,995,28,5.62669597729151e-08,3.58232977220893e-06
ZFP92,160,5,0.0136396686299885,0.0752941245181446
ZFPM1,252,1,0.892830119913618,0.988771722429438
ZFPM2,646,24,3.00972648757262e-09,2.87428879563185e-07
ZFX,51,1,0.362429557587294,0.629359351676155
ZFY,48,1,0.345306524519216,0.614092608781846
ZGLP1,552,3,0.865846710310867,0.981622180337639
ZGPAT,570,4,0.739992141405561,0.936755976114664
ZHX1,465,6,0.225631071460488,0.485492853284427
ZHX2,474,14,8.31434703355519e-05,0.00168940455681813
ZHX3,523,9,0.0420298701350116,0.170217994760424
ZIC1,867,10,0.232563733290556,0.495755279670716
ZIC3,909,6,0.81325694428354,0.967316054139587
ZIC4,458,2,0.912896097869767,0.988771722429438
ZIM3,399,6,0.140131133702328,0.365206612796879
ZKSCAN1,40,2,0.0480956588915801,0.18446327004602
ZKSCAN2,190,4,0.0867883704539935,0.27094398880434
ZKSCAN5,367,2,0.8349843527244,0.973638653054704
ZKSCAN7,166,1,0.76973419115312,0.950442622111896
ZKSCAN8,396,4,0.459437966230891,0.715763878875206
ZNF10,188,1,0.810602984716513,0.967316054139587
ZNF101,336,2,0.796558459431958,0.965372244616142
ZNF117,182,4,0.0768832932119546,0.256725681879079
ZNF121,796,12,0.0489907776003416,0.187144770433305
ZNF131,628,11,0.0233774054807752,0.112871138838095
ZNF134,582,10,0.0334201616179147,0.142483278326377
ZNF135,228,1,0.867294705898939,0.981622180337639
ZNF136,612,5,0.625962326215782,0.852773211891686
ZNF140,711,11,0.0499109593157377,0.189146691057657
ZNF141,292,1,0.924980872710448,0.988771722429438
ZNF142,515,8,0.0851342016749498,0.267444613814398
ZNF143,49,1,0.351064459254828,0.620863997385853
ZNF146,1145,15,0.0800991023477894,0.261577293193787
ZNF148,10,1,0.0844018933899559,0.266900027110622
ZNF16,282,1,0.917979647605763,0.988771722429438
ZNF160,194,1,0.820436973534672,0.968501000896924
ZNF165,102,5,0.00207776628708902,0.0188977790873335
ZNF169,263,1,0.90283697776585,0.988771722429438
ZNF174,338,2,0.799257949687765,0.966179112429352
ZNF175,450,15,1.14580228826567e-05,0.000321835642733444
ZNF18,853,5,0.872667257703304,0.981622180337639
ZNF182,368,1,0.961968742086015,0.988771722429438
ZNF184,269,1,0.907897425078323,0.988771722429438
ZNF189,84,1,0.523761059859157,0.761326959156004
ZNF195,642,1,0.996774795544692,0.996774795544692
ZNF197,367,1,0.961626728567827,0.988771722429438
ZNF202,568,2,0.961257275956379,0.988771722429438
ZNF207,467,10,0.00852388279884991,0.0541632976849357
ZNF213,441,1,0.980236566654253,0.990609440375463
ZNF214,600,7,0.275771596325542,0.546393930479031
ZNF215,287,2,0.719793971442267,0.925172601248135
ZNF219,429,5,0.324822270678461,0.590867178091295
ZNF22,430,4,0.523360905656281,0.761326959156004
ZNF236,346,1,0.953693520831163,0.988771722429438
ZNF239,593,6,0.420537540046422,0.680700594481921
ZNF24,20,2,0.0131302317468085,0.0739499817098213
ZNF248,386,1,0.967631232615325,0.988771722429438
ZNF25,778,5,0.816545818344065,0.967316054139587
ZNF250,617,6,0.457795186773497,0.714369940144918
ZNF251,412,2,0.879188642475459,0.986019583076172
ZNF254,179,2,0.467207808324085,0.721573970980849
ZNF256,41,1,0.303551982040534,0.567303606357554
ZNF257,425,4,0.514174242931763,0.757772225308385
ZNF26,495,4,0.63436307014469,0.858764224796443
ZNF260,702,3,0.948002366426643,0.988771722429438
ZNF263,313,11,0.000108311245005015,0.00202818115646645
ZNF264,637,9,0.10974536317784,0.318561768494946
ZNF267,653,14,0.00197727215132627,0.018156681774198
ZNF268,290,1,0.923629921489061,0.988771722429438
ZNF273,233,3,0.335634790882606,0.603636959120318
ZNF275,288,6,0.0421533983654349,0.170217994760424
ZNF276,758,4,0.902920421547698,0.988771722429438
ZNF277,742,3,0.960148909374278,0.988771722429438
ZNF28,387,2,0.856182544408033,0.981622180337639
ZNF280B,81,1,0.510953010089685,0.754188755232842
ZNF280C,339,3,0.573827740382365,0.813064528286585
ZNF280D,624,2,0.974667833857161,0.989168736805089
ZNF281,739,14,0.00589750657539327,0.0423467577406058
ZNF282,786,5,0.823348485707062,0.969559479749282
ZNF286A,257,2,0.661712799701762,0.88136084200165
ZNF286B,14,1,0.1161422400073,0.332083350919075
ZNF292,380,1,0.965843744451506,0.988771722429438
ZNF296,596,8,0.155190813611944,0.385437271529864
ZNF3,420,4,0.504908206841938,0.747577267494652
ZNF300,275,1,0.912695492496367,0.988771722429438
ZNF311,192,1,0.817216789270036,0.967316054139587
ZNF316,481,2,0.926245979393691,0.988771722429438
ZNF317,769,11,0.0774877285801355,0.256947155534824
ZNF318,391,2,0.860113442522667,0.981622180337639
ZNF319,350,2,0.814800169225908,0.967316054139587
ZNF32,758,4,0.902920421547698,0.988771722429438
ZNF320,609,7,0.288087331947749,0.55377736318103
ZNF322,778,7,0.527095877649324,0.765009974399855
ZNF324,679,7,0.387093070793808,0.65083430036635
ZNF324B,319,2,0.7722968322082,0.950442622111896
ZNF329,484,5,0.420222320797357,0.680700594481921
ZNF331,508,13,0.000586911467968514,0.00675301749289074
ZNF333,427,4,0.517858614424554,0.75851990302983
ZNF334,216,1,0.852340655315145,0.981622180337639
ZNF335,906,11,0.174627594743897,0.409752710025605
ZNF337,152,3,0.149632665031053,0.378040198689564
ZNF33A,492,4,0.629618143532928,0.85409847595731
ZNF34,219,1,0.856229443363444,0.981622180337639
ZNF341,825,5,0.85366016531666,0.981622180337639
ZNF343,346,3,0.587702880281119,0.82295637927928
ZNF345,291,1,0.924308396812546,0.988771722429438
ZNF35,552,11,0.00986980421576079,0.0607399825945675
ZNF350,509,2,0.939905368463639,0.988771722429438
ZNF354A,721,8,0.300406281384384,0.565488087937394
ZNF358,619,6,0.460877751604679,0.716837545248319
ZNF362,659,9,0.127421504979818,0.344617412672987
ZNF366,233,2,0.608624852056407,0.841153015504875
ZNF37A,220,2,0.577338351046154,0.813512109908745
ZNF383,215,1,0.85102126809972,0.981622180337639
ZNF384,63,2,0.105851499629905,0.315900569207997
ZNF391,237,2,0.61789233941822,0.849343679184551
ZNF394,701,14,0.00373672272941731,0.030186255908052
ZNF396,317,1,0.939989597577961,0.988771722429438
ZNF398,346,8,0.0117033573983346,0.0684259893951536
ZNF407,423,6,0.169278048243354,0.404730448078101
ZNF41,797,6,0.70413018619792,0.913647184536703
ZNF410,525,5,0.490029531572524,0.734659658793972
ZNF414,693,6,0.570761076762426,0.809920993028406
ZNF418,505,7,0.157444444389555,0.386080785313774
ZNF420,177,1,0.791161257510994,0.961270993540711
ZNF423,1098,35,3.46673500062174e-11,8.27682981398439e-09
ZNF430,271,2,0.689933543656188,0.900827144317859
ZNF431,314,2,0.764697954636796,0.950442622111896
ZNF432,282,4,0.235972494283015,0.498570203628936
ZNF436,428,7,0.0841608436178524,0.266900027110622
ZNF438,495,9,0.0313205287778391,0.135344366438174
ZNF440,397,1,0.970669917811048,0.988771722429438
ZNF444,529,4,0.685371301255365,0.899773382343457
ZNF445,411,1,0.974130064304096,0.989168736805089
ZNF446,391,5,0.260411905879664,0.529134830032084
ZNF449,567,8,0.127526966314762,0.344617412672987
ZNF45,280,2,0.707037967387646,0.916175385149528
ZNF451,549,7,0.209151700964255,0.462360820418665
ZNF460,169,2,0.437875778020902,0.699688577965715
ZNF462,133,2,0.325982099879228,0.591849630008865
ZNF467,556,4,0.722189762223928,0.92576003077027
ZNF468,376,2,0.844850049718217,0.979164802768079
ZNF469,484,24,8.7274755222022e-12,2.7782463745677e-09
ZNF471,320,3,0.534754711923931,0.771436178077574
ZNF48,455,7,0.107107866881924,0.316032876257321
ZNF480,208,2,0.546879229427271,0.784951137763807
ZNF485,369,1,0.962307721555335,0.988771722429438
ZNF487,284,3,0.455628310631351,0.713046389158045
ZNF490,404,6,0.145997653512773,0.373800962747179
ZNF493,167,1,0.771769308152975,0.950442622111896
ZNF496,395,6,0.135519379786034,0.35850694652538
ZNF497,323,4,0.315449182403695,0.581571369103337
ZNF500,279,1,0.915755154458007,0.988771722429438
ZNF501,142,1,0.715087906067935,0.9210460862206
ZNF502,423,7,0.0802535569694027,0.261577293193787
ZNF506,326,2,0.782576882270621,0.956928197910939
ZNF507,458,3,0.768902969969315,0.950442622111896
ZNF510,262,1,0.901967069378095,0.988771722429438
ZNF511,675,4,0.846953464530943,0.980412798335819
ZNF512,429,1,0.97798830946174,0.990433547758178
ZNF512B,549,3,0.863406102729551,0.981622180337639
ZNF513,744,7,0.479906013299702,0.7321249883406
ZNF516,261,5,0.0807334906700883,0.262246542822906
ZNF517,603,4,0.778534248753806,0.95546877374972
ZNF518B,250,11,1.41084856500861e-05,0.000384960108452348
ZNF519,365,1,0.960933491039168,0.988771722429438
ZNF521,656,15,0.000724630812043118,0.00804677238954858
ZNF524,780,8,0.377888577460816,0.643147176969239
ZNF527,167,1,0.771769308152975,0.950442622111896
ZNF528,503,6,0.281115003592955,0.551262481378383
ZNF529,417,4,0.499311874038382,0.741590730492465
ZNF532,340,5,0.180133538012535,0.42163610000483
ZNF536,301,5,0.126471265282026,0.344617412672987
ZNF540,225,1,0.863703843009144,0.981622180337639
ZNF547,461,7,0.112623591187909,0.325925847225614
ZNF548,199,1,0.828242534933338,0.971877721663469
ZNF549,523,6,0.31149713298029,0.578754400770772
ZNF554,641,8,0.203196618956237,0.450265439175955
ZNF556,229,2,0.599188411409122,0.832932944535242
ZNF558,310,2,0.758462058103649,0.948077572629561
ZNF562,417,7,0.0757074833829605,0.256072746789691
ZNF563,510,6,0.291675406994825,0.55377736318103
ZNF569,279,3,0.444187565330025,0.705822171198292
ZNF57,205,3,0.268726716957344,0.536891244130259
ZNF570,130,1,0.68310397881655,0.899773382343457
ZNF571,133,1,0.691420206057582,0.900827144317859
ZNF574,269,1,0.907897425078323,0.988771722429438
ZNF575,491,8,0.06884265280213,0.240823199362762
ZNF576,827,2,0.994851771130091,0.996774795544692
ZNF577,197,2,0.517646514234231,0.75851990302983
ZNF579,329,3,0.553514697786688,0.791327150278873
ZNF580,438,5,0.340376965474836,0.609868671723205
ZNF581,475,3,0.789828762228617,0.960874481437363
ZNF582,429,8,0.0362700142291002,0.149947461423336
ZNF583,80,2,0.155927789307981,0.385437271529864
ZNF584,230,11,6.4383271830021e-06,0.000212020774474724
ZNF585A,232,1,0.871936462431316,0.981622180337639
ZNF586,502,6,0.279613609864292,0.549446496749792
ZNF587,277,1,0.914238902827589,0.988771722429438
ZNF589,307,9,0.00163528336284022,0.0151620933156545
ZNF596,200,1,0.829762639408337,0.971877721663469
ZNF597,72,1,0.470435337662897,0.721573970980849
ZNF599,278,1,0.915000393554702,0.988771722429438
ZNF613,98,1,0.579254696060677,0.813512109908745
ZNF614,184,3,0.219697693581066,0.477930062346054
ZNF618,509,6,0.290161548803916,0.55377736318103
ZNF621,291,3,0.471478699363403,0.721573970980849
ZNF623,368,1,0.961968742086015,0.988771722429438
ZNF628,272,1,0.910328393094348,0.988771722429438
ZNF629,547,4,0.710281569412387,0.918231653393172
ZNF641,282,2,0.710730926239024,0.918231653393172
ZNF644,331,9,0.00271519372807684,0.0229469912417113
ZNF646,405,3,0.692782539697731,0.901372377944596
ZNF649,305,6,0.0529462224364213,0.197514228229619
ZNF652,141,3,0.127516529033899,0.344617412672987
ZNF653,438,3,0.742159177258138,0.937181839873234
ZNF654,409,7,0.0698887083853547,0.242704423665505
ZNF655,615,6,0.454708585312788,0.713046389158045
ZNF658,121,1,0.656793107111955,0.876029912418879
ZNF664,665,10,0.0694971426885717,0.24222544258243
ZNF667,502,7,0.15415542297953,0.38469752376297
ZNF668,489,5,0.428849781216906,0.68948070885883
ZNF669,110,1,0.621666211256546,0.849343679184551
ZNF672,518,7,0.172063415622732,0.404730448078101
ZNF675,362,1,0.959870195885458,0.988771722429438
ZNF678,340,2,0.801925804701139,0.966462233728673
ZNF680,776,4,0.912370728590165,0.988771722429438
ZNF687,467,7,0.118287218191609,0.337206845889512
ZNF689,432,5,0.329999147242963,0.595745152395142
ZNF69,247,1,0.887948667448345,0.988771722429438
ZNF691,434,2,0.896584295183788,0.988771722429438
ZNF692,696,2,0.985478060426999,0.990664787060825
ZNF696,248,1,0.888942346127378,0.988771722429438
ZNF697,110,1,0.621666211256546,0.849343679184551
ZNF699,246,4,0.171124280020088,0.404730448078101
ZNF7,363,1,0.960227789869413,0.988771722429438
ZNF70,287,4,0.245423787228671,0.5150949042768
ZNF700,487,2,0.929398487231957,0.988771722429438
ZNF707,366,1,0.961281653974248,0.988771722429438
ZNF708,584,7,0.254242828907961,0.526202139921242
ZNF71,253,2,0.653281830146039,0.874398354685786
ZNF710,367,4,0.402794891745827,0.666670921347079
ZNF711,410,5,0.292295797950492,0.553854140957778
ZNF714,161,2,0.413794306142842,0.676667058846599
ZNF721,299,2,0.740576714101122,0.936755976114664
ZNF736,346,2,0.809742306218834,0.967316054139587
ZNF74,415,2,0.881709887309664,0.986183156626664
ZNF740,38,1,0.284855586664429,0.55377736318103
ZNF746,480,4,0.610253138663762,0.842184606103892
ZNF749,186,2,0.487195452872971,0.734028613647929
ZNF750,460,22,1.35160986075855e-10,1.84398202432059e-08
ZNF76,1188,14,0.1623433639576,0.394498505291369
ZNF763,131,1,0.685900546959201,0.899773382343457
ZNF764,148,1,0.729853568617713,0.93183176207208
ZNF765,106,1,0.608024356307341,0.841153015504875
ZNF766,303,3,0.498155212311542,0.741025276880876
ZNF768,889,6,0.796422698506268,0.965372244616142
ZNF770,1342,21,0.00752141620072975,0.0507636493550552
ZNF771,371,1,0.962976685268067,0.988771722429438
ZNF773,59,1,0.405942835449532,0.669560289903805
ZNF774,262,1,0.901967069378095,0.988771722429438
ZNF775,907,5,0.903488095138725,0.988771722429438
ZNF777,376,4,0.420523848653499,0.680700594481921
ZNF778,420,11,0.0012791009579689,0.012215414148603
ZNF781,231,2,0.603927763672736,0.837084200736521
ZNF784,380,5,0.242354176799217,0.509797882914653
ZNF785,466,1,0.984212815302333,0.990664787060825
ZNF787,634,5,0.656736878693715,0.876029912418879
ZNF789,579,4,0.750976144720498,0.942420786081571
ZNF79,156,1,0.748362898170452,0.941259922596012
ZNF791,371,3,0.634856065661035,0.858764224796443
ZNF792,152,1,0.739271656890184,0.936755976114664
ZNF8,550,10,0.0239496136788578,0.113227133976778
ZNF800,740,19,3.11428268717244e-05,0.000743534991562419
ZNF805,121,2,0.287205633187094,0.55377736318103
ZNF808,184,1,0.803751036462308,0.966486787115183
ZNF814,293,1,0.925647401983546,0.988771722429438
ZNF816,563,7,0.226821286574385,0.486773772311321
ZNF827,246,1,0.886946140227372,0.988771722429438
ZNF829,76,1,0.48883999819904,0.734028613647929
ZNF83,211,8,0.000575009933990585,0.00669676203610986
ZNF837,349,2,0.813547034304415,0.967316054139587
ZNF84,329,1,0.946091601426951,0.988771722429438
ZNF841,416,4,0.497440477756726,0.741025276880876
ZNF845,229,1,0.868470610699333,0.981622180337639
ZNF846,431,3,0.732239372428777,0.933629640413193
ZNF85,551,4,0.715619053377681,0.9210460862206
ZNF853,491,12,0.00140332515884877,0.0131389757519664
ZNF860,140,2,0.348360101292311,0.61837155526795
ZNF879,160,1,0.757138583518125,0.947663626814954
ZNF891,239,1,0.87967401547738,0.986019583076172
ZNF91,433,2,0.89584670282196,0.988771722429438
ZNF92,413,11,0.00111848508491352,0.011282566846519
ZSCAN1,122,2,0.290450596444341,0.55377736318103
ZSCAN22,583,7,0.252914376232363,0.526202139921242
ZSCAN25,363,2,0.830421173693603,0.971877721663469
ZSCAN29,413,6,0.156834806511513,0.386023814996121
ZSCAN30,303,1,0.931996920960392,0.988771722429438
ZSCAN31,475,8,0.0591403408718058,0.21474914651169
ZSCAN4,393,4,0.453652051904477,0.713046389158045
ZSCAN5A,451,1,0.98193442804629,0.990664787060825
ZXDA,152,1,0.739271656890184,0.936755976114664
ZXDB,232,1,0.871936462431316,0.981622180337639
ZXDC,345,2,0.808458841329021,0.967316054139587
